gauchospace.ucsb.edu  , 2828
edge-star-shv-01-pao1.facebook.com  , 2173
lax17s02-in-f15.1e100.net  , 901
a204-102-114-43.deploy.akamaitechnologies.com  , 818
xx-fbcdn-shv-02-pao1.fbcdn.net  , 811
a204-102-114-40.deploy.akamaitechnologies.com  , 683
login2.wireless.ucsb.edu  , 555
channelproxy-shv-06-frc1.facebook.com  , 530
a204-102-114-50.deploy.akamaitechnologies.com  , 526
setup.wireless.ucsb.edu  , 509
a204-102-114-49.deploy.akamaitechnologies.com  , 477
a198-189-255-209.deploy.akamaitechnolgies.com  , 442
webwork3.math.ucsb.edu  , 410
a198-189-255-206.deploy.akamaitechnolgies.com  , 361
a198-189-255-215.deploy.akamaitechnolgies.com  , 337
a198-189-255-145.deploy.akamaitechnologies.com  , 334
a198-189-255-200.deploy.akamaitechnolgies.com  , 324
a198-189-255-217.deploy.akamaitechnolgies.com  , 324
a198-189-255-146.deploy.akamaitechnologies.com  , 318
www.aleks.com  , 309
lax17s02-in-f12.1e100.net  , 280
my.sa.ucsb.edu  , 275
lax17s02-in-f7.1e100.net  , 275
a198-189-255-224.deploy.akamaitechnolgies.com  , 273
lax17s02-in-f11.1e100.net  , 261
a198-189-255-225.deploy.akamaitechnolgies.com  , 260
lax17s02-in-f14.1e100.net  , 258
lax17s02-in-f10.1e100.net  , 257
a198-189-255-216.deploy.akamaitechnolgies.com  , 255
lax17s02-in-f0.1e100.net  , 239
lax17s02-in-f3.1e100.net  , 235
lax17s02-in-f4.1e100.net  , 227
lax17s02-in-f1.1e100.net  , 218
xx-fbcdn-shv-04-sjc1.fbcdn.net  , 218
a198-189-255-207.deploy.akamaitechnolgies.com  , 212
a198-189-255-199.deploy.akamaitechnolgies.com  , 210
lax17s02-in-f8.1e100.net  , 210
pd-in-f95.1e100.net  , 206
lax17s02-in-f5.1e100.net  , 206
a198-189-255-222.deploy.akamaitechnolgies.com  , 205
a198-189-255-230.deploy.akamaitechnolgies.com  , 203
lax17s02-in-f2.1e100.net  , 202
lax17s02-in-f9.1e100.net  , 197
lax17s02-in-f17.1e100.net  , 186
lax17s02-in-f6.1e100.net  , 184
pd-in-f84.1e100.net  , 182
lax17s02-in-f28.1e100.net  , 178
a204-102-114-51.deploy.akamaitechnologies.com  , 175
lax17s02-in-f16.1e100.net  , 175
login.wireless.ucsb.edu  , 172
lax17s02-in-f18.1e100.net  , 170
calgate001.cal.vip.sp2.yahoo.com  , 168
lax17s02-in-f21.1e100.net  , 168
lax17s02-in-f27.1e100.net  , 164
xx-fbcdn-shv-02-lax1.fbcdn.net  , 159
channelproxy-shv-06-ash2.facebook.com  , 151
a23-34-113-224.deploy.static.akamaitechnologies.com  , 151
lax02s19-in-f15.1e100.net  , 150
xx-fbcdn-shv-03-sjc1.fbcdn.net  , 147
xx-fbcdn-shv-01-lax1.fbcdn.net  , 146
a198-189-255-201.deploy.akamaitechnolgies.com  , 142
lax17s02-in-f20.1e100.net  , 138
lax17s02-in-f19.1e100.net  , 138
a198-189-255-208.deploy.akamaitechnolgies.com  , 133
a198-189-255-214.deploy.akamaitechnolgies.com  , 131
lax17s02-in-f22.1e100.net  , 128
dbxprd0411.outlook.com  , 120
ec2-184-73-186-179.compute-1.amazonaws.com  , 107
pd-in-f141.1e100.net  , 106
ec2-54-225-207-222.compute-1.amazonaws.com  , 105
edge-m-shv-01-pao1.facebook.com  , 103
ec2-54-243-33-121.compute-1.amazonaws.com  , 100
channelproxy-shv-04-frc3.facebook.com  , 100
server-54-230-137-35.lax1.r.cloudfront.net  , 96
outlook.com  , 94
a184-87-59-164.deploy.static.akamaitechnologies.com  , 90
a96-7-82-110.deploy.akamaitechnologies.com  , 88
bs.serving-sys.com  , 87
channelproxy-shv-07-ash2.facebook.com  , 86
pd-in-f108.1e100.net  , 85
submit.cs.ucsb.edu  , 83
a184-87-50-110.deploy.static.akamaitechnologies.com  , 82
www2.twitter.com  , 82
a204-102-114-41.deploy.akamaitechnologies.com  , 79
pd-in-f109.1e100.net  , 77
xx-fbcdn-shv-04-sea1.fbcdn.net  , 73
xx-fbcdn-shv-06-sea1.fbcdn.net  , 72
a96-7-92-244.deploy.akamaitechnologies.com  , 72
edge-z-m-shv-01-pao1.facebook.com  , 71
xx-fbcdn-shv-03-sea1.fbcdn.net  , 70
r-199-59-150-39.twttr.com  , 68
channelproxy-shv-13-prn1.facebook.com  , 62
r-199-59-150-7.twttr.com  , 62
a184-50-2-110.deploy.static.akamaitechnologies.com  , 60
ec2-54-235-66-197.compute-1.amazonaws.com  , 58
www4.twitter.com  , 58
a184-87-50-217.deploy.static.akamaitechnologies.com  , 57
r-199-59-148-10.twttr.com  , 56
a198-189-255-138.deploy.akamaitechnologies.com  , 55
server-54-230-137-124.lax1.r.cloudfront.net  , 55
a184-87-170-201.deploy.static.akamaitechnologies.com  , 54
lax02s01-in-f30.1e100.net  , 53
t.mookie1.com  , 52
a23-34-117-210.deploy.static.akamaitechnologies.com  , 51
lax02s19-in-f12.1e100.net  , 51
lax17s01-in-f30.1e100.net  , 50
amsprd0410.outlook.com  , 50
pd-in-f189.1e100.net  , 49
lax17s02-in-f26.1e100.net  , 49
lax02s19-in-f11.1e100.net  , 48
a198-189-255-140.deploy.akamaitechnolgies.com  , 46
lax17s02-in-f29.1e100.net  , 45
imap413.mail.vip.ne1.yahoo.com  , 45
lax17s02-in-f25.1e100.net  , 44
ec2-107-21-217-219.compute-1.amazonaws.com  , 43
lax02s19-in-f4.1e100.net  , 41
wikipedia-lb.eqiad.wikimedia.org  , 41
pb-in-f108.1e100.net  , 41
calgate001.cal.vip.ne1.yahoo.com  , 41
lax04s09-in-f30.1e100.net  , 40
lax02s19-in-f7.1e100.net  , 39
foo.cs.ucsb.edu  , 39
lax02s02-in-f30.1e100.net  , 38
lax02s19-in-f10.1e100.net  , 38
a96-7-91-120.deploy.akamaitechnologies.com  , 38
lax02s19-in-f6.1e100.net  , 38
lax02s19-in-f0.1e100.net  , 37
logs1229.xiti.com  , 37
lax02s19-in-f17.1e100.net  , 37
pb-in-f109.1e100.net  , 36
a198-189-255-139.deploy.akamaitechnolgies.com  , 36
lax02s19-in-f3.1e100.net  , 35
lax02s19-in-f20.1e100.net  , 34
a184-50-11-164.deploy.static.akamaitechnologies.com  , 32
lax17s02-in-f13.1e100.net  , 32
imap413.mail.vip.gq1.yahoo.com  , 32
a96-6-51-205.deploy.akamaitechnologies.com  , 32
a184-28-36-246.deploy.static.akamaitechnologies.com  , 31
lax02s19-in-f8.1e100.net  , 31
lax02s19-in-f16.1e100.net  , 30
a96-7-80-47.deploy.akamaitechnologies.com  , 30
lax02s19-in-f18.1e100.net  , 30
a72-246-119-8.deploy.akamaitechnologies.com  , 30
l1.ycs.vip.lax.yahoo.com  , 30
lax02s19-in-f2.1e100.net  , 28
lax02s19-in-f5.1e100.net  , 28
ec2-54-235-128-125.compute-1.amazonaws.com  , 28
lax02s19-in-f30.1e100.net  , 28
23-31-100-75-static.hfc.comcastbusiness.net  , 28
lax02s19-in-f27.1e100.net  , 27
calgate001.cal.vip.gq1.yahoo.com  , 27
ec2-54-243-71-152.compute-1.amazonaws.com  , 27
lax02s19-in-f19.1e100.net  , 27
da-in-f125.1e100.net  , 27
lax02s19-in-f9.1e100.net  , 26
cardgate001.cal.vip.sp2.yahoo.com  , 26
server-54-230-137-158.lax1.r.cloudfront.net  , 24
a72-246-119-19.deploy.akamaitechnologies.com  , 24
lax02s19-in-f21.1e100.net  , 24
studenthealthoc.sa.ucsb.edu  , 23
a96-6-98-110.deploy.akamaitechnologies.com  , 23
lax02s19-in-f1.1e100.net  , 23
imap413.mail.vip.bf1.yahoo.com  , 23
artsandlectures.sa.ucsb.edu  , 22
a23-34-120-134.deploy.static.akamaitechnologies.com  , 22
wikimedia-lb.eqiad.wikimedia.org  , 22
a72-246-119-32.deploy.akamaitechnologies.com  , 22
a72-246-119-34.deploy.akamaitechnologies.com  , 21
a204-102-114-48.deploy.akamaitechnologies.com  , 21
a184-87-51-205.deploy.static.akamaitechnologies.com  , 21
pclick.data.vip.gq1.yahoo.com  , 21
a23-4-18-110.deploy.static.akamaitechnologies.com  , 21
50.23.117.110-static.reverse.networklayer.com  , 21
lb.goodreads.com  , 21
lax02s19-in-f28.1e100.net  , 21
a72-246-119-42.deploy.akamaitechnologies.com  , 20
lax02s19-in-f14.1e100.net  , 20
a23-193-59-120.deploy.static.akamaitechnologies.com  , 19
a69-192-34-110.deploy.akamaitechnologies.com  , 19
server-205-251-203-169.lax3.r.cloudfront.net  , 19
lax04s08-in-f30.1e100.net  , 18
yts2.yql.vip.gq1.yahoo.com  , 18
75.126.16.220-static.reverse.softlayer.com  , 18
r-199-59-148-147.twttr.com  , 18
adtechus-ssp-ums-ntc-shared.evip.aol.com  , 18
a184-87-169-208.deploy.static.akamaitechnologies.com  , 18
wls.wireless.att.com  , 18
a72-246-119-18.deploy.akamaitechnologies.com  , 17
co1aqu.atdmt.com  , 17
sxm-server-03.de  , 17
retarget.ca.dc.openx.org  , 17
web146.revolveclothing.com  , 17
mail.math.ucsb.edu  , 16
yts2.yql.vip.ne1.yahoo.com  , 16
appleglobal.102.112.2o7.net  , 16
a184-87-57-145.deploy.static.akamaitechnologies.com  , 16
lax02s20-in-f30.1e100.net  , 16
a184-28-37-57.deploy.static.akamaitechnologies.com  , 16
server-54-230-138-202.lax1.r.cloudfront.net  , 16
www.wellsfargo.com  , 16
a184-50-2-217.deploy.static.akamaitechnologies.com  , 15
rtv.sos.ca.gov  , 15
radarsubmissions.apple.com  , 15
a184-87-171-120.deploy.static.akamaitechnologies.com  , 15
a96-7-95-139.deploy.akamaitechnologies.com  , 15
a69-192-34-217.deploy.akamaitechnologies.com  , 15
mqtt-shv-04-ash3.facebook.com  , 15
a204-102-114-42.deploy.akamaitechnologies.com  , 15
lax17s02-in-f31.1e100.net  , 15
cds110.sea9.msecn.net  , 15
a96-6-50-217.deploy.akamaitechnologies.com  , 14
ec2-54-214-39-3.us-west-2.compute.amazonaws.com  , 14
a23-34-112-60.deploy.static.akamaitechnologies.com  , 14
a23-74-145-224.deploy.static.akamaitechnologies.com  , 14
a72-246-119-10.deploy.akamaitechnologies.com  , 14
mqtt-shv-06-frc1.facebook.com  , 14
a184-87-61-88.deploy.static.akamaitechnologies.com  , 14
a184-50-12-244.deploy.static.akamaitechnologies.com  , 14
ec2-54-227-146-213.compute-1.amazonaws.com  , 14
server-54-230-137-170.lax1.r.cloudfront.net  , 14
lax02s19-in-f25.1e100.net  , 13
r1.ycpi.vip.lax.yahoo.net  , 13
float.570.bm-impbus.prod.lax1.adnexus.net  , 13
autodiscover.unimaas.nl  , 13
ec2-54-225-139-120.compute-1.amazonaws.com  , 13
a23-34-118-219.deploy.static.akamaitechnologies.com  , 13
a23-34-133-210.deploy.static.akamaitechnologies.com  , 13
myclas.sa.ucsb.edu  , 13
bn1msgr1011023.gateway.edge.messenger.live.com  , 12
d-4a.v.dropbox.com  , 12
a96-7-82-217.deploy.akamaitechnologies.com  , 12
a23-67-56-48.deploy.static.akamaitechnologies.com  , 12
a23-74-144-107.deploy.static.akamaitechnologies.com  , 12
earthquake2.isc.ucsb.edu  , 12
a69-192-129-224.deploy.akamaitechnologies.com  , 12
origin.bl177w.blu177.mail.live.com  , 12
a96-7-84-230.deploy.akamaitechnologies.com  , 12
mqtt-shv-10-frc1.facebook.com  , 12
a96-7-130-110.deploy.akamaitechnologies.com  , 12
a198-189-255-137.deploy.akamaitechnolgies.com  , 12
a184-87-170-85.deploy.static.akamaitechnologies.com  , 12
a184-85-162-110.deploy.static.akamaitechnologies.com  , 11
a23-8-193-224.deploy.static.akamaitechnologies.com  , 11
server-54-230-137-10.lax1.r.cloudfront.net  , 11
float.294.bm-impbus.prod.lax1.adnexus.net  , 11
origin.by167w.bay167.mail.live.com  , 11
r1.ycpi.vip.sjb.yahoo.net  , 11
lax02s19-in-f22.1e100.net  , 11
a72-246-119-24.deploy.akamaitechnologies.com  , 11
col402.hotmail.com  , 11
bbc-vip119.telhc.bbc.co.uk  , 11
a23-74-149-210.deploy.static.akamaitechnologies.com  , 11
r-199-59-148-247.twttr.com  , 11
vip1.g-anycast1.cachefly.net  , 11
185-200.amazon.com  , 11
a96-6-107-120.deploy.akamaitechnologies.com  , 11
a23-34-116-185.deploy.static.akamaitechnologies.com  , 11
ec2-23-23-132-236.compute-1.amazonaws.com  , 11
lax17s02-in-f30.1e100.net  , 11
a72-246-119-25.deploy.akamaitechnologies.com  , 10
a23-35-200-190.deploy.static.akamaitechnologies.com  , 10
server-54-230-139-22.lax1.r.cloudfront.net  , 10
server-54-230-136-197.lax1.r.cloudfront.net  , 10
a23-8-197-210.deploy.static.akamaitechnologies.com  , 10
a23-74-139-120.deploy.static.akamaitechnologies.com  , 10
l1.login.vip.gq1.yahoo.com  , 10
bn1skype-s2.gateway.messenger.live.com  , 10
sonic.mat.ucsb.edu  , 10
mqtt-shv-13-prn1.facebook.com  , 10
ec2-54-229-154-200.eu-west-1.compute.amazonaws.com  , 10
server-205-251-203-112.lax3.r.cloudfront.net  , 10
server-54-230-139-153.lax1.r.cloudfront.net  , 10
lax17s02-in-f24.1e100.net  , 10
a96-7-235-120.deploy.akamaitechnologies.com  , 10
ec2-54-244-231-51.us-west-2.compute.amazonaws.com  , 10
addons-versioncheck-single2.zlb.phx.mozilla.net  , 10
ec2-54-225-229-176.compute-1.amazonaws.com  , 10
v-client-1b.sjc.dropbox.com  , 10
r2.ycpi.vip.sp2.yahoo.net  , 10
ec2-54-241-145-32.us-west-1.compute.amazonaws.com  , 10
ec2-50-19-254-205.compute-1.amazonaws.com  , 10
v-client-7b.sjc.dropbox.com  , 9
fam.data.vip.sp1.yahoo.com  , 9
a23-192-126-246.deploy.static.akamaitechnologies.com  , 9
semper11.itea.ntnu.no  , 9
s3-2.amazonaws.com  , 9
ec2-50-16-196-195.compute-1.amazonaws.com  , 9
network.realmedia.com  , 9
svcs.ebay.com  , 9
secure.identity.ucsb.edu  , 9
a184-87-62-13.deploy.static.akamaitechnologies.com  , 9
a23-193-58-201.deploy.static.akamaitechnologies.com  , 9
a23-34-129-224.deploy.static.akamaitechnologies.com  , 9
a184-87-170-161.deploy.static.akamaitechnologies.com  , 9
host12.ciosolutions.com  , 9
s3-2-w.amazonaws.com  , 9
a184-85-162-217.deploy.static.akamaitechnologies.com  , 9
a96-7-86-198.deploy.akamaitechnologies.com  , 9
lax02s19-in-f29.1e100.net  , 9
www.evernote.com  , 9
it.commserv.ucsb.edu  , 9
pipeline.sbcc.edu  , 9
a204-102-114-56.deploy.akamaitechnologies.com  , 9
a72-246-119-26.deploy.akamaitechnologies.com  , 9
75.126.220.20-static.reverse.softlayer.com  , 8
a23-10-146-110.deploy.static.akamaitechnologies.com  , 8
a184-87-169-195.deploy.static.akamaitechnologies.com  , 8
ec2-54-215-11-153.us-west-1.compute.amazonaws.com  , 8
169-231-100-120.wireless.ucsb.edu  , 8
server-54-230-84-251.lax3.r.cloudfront.net  , 8
a184-87-48-191.deploy.static.akamaitechnologies.com  , 8
vpn.unisg.ch  , 8
d-5a.sjc.dropbox.com  , 8
server-54-230-137-34.lax1.r.cloudfront.net  , 8
pcmctbc.cmc.motive.com  , 8
genius.itunes.apple.com  , 8
ord08s06-in-f15.1e100.net  , 8
www.edhat.com  , 8
secure1.store.apple.com  , 8
snip.acge.com  , 8
server-216-137-45-35.lax1.r.cloudfront.net  , 8
ec2-50-18-195-125.us-west-1.compute.amazonaws.com  , 8
a72-246-119-27.deploy.akamaitechnologies.com  , 8
server-54-230-137-5.lax1.r.cloudfront.net  , 8
lax02s19-in-f26.1e100.net  , 8
lax02s02-in-f15.1e100.net  , 8
a23-34-120-190.deploy.static.akamaitechnologies.com  , 8
lax02s19-in-f13.1e100.net  , 8
ec2-107-21-126-183.compute-1.amazonaws.com  , 8
a69-192-128-107.deploy.akamaitechnologies.com  , 8
gauchocast.ucsb.edu  , 8
origin.bl176w.blu176.mail.live.com  , 8
a184-87-63-139.deploy.static.akamaitechnologies.com  , 7
lhr08s01-in-f15.1e100.net  , 7
adtechus-ssp-ums-mtc-a.evip.aol.com  , 7
a23-192-127-170.deploy.static.akamaitechnologies.com  , 7
online.wellsfargo.com  , 7
a23-8-161-224.deploy.static.akamaitechnologies.com  , 7
b1.pikiware.com  , 7
a96-7-85-186.deploy.akamaitechnologies.com  , 7
a184-50-15-139.deploy.static.akamaitechnologies.com  , 7
a184-87-48-167.deploy.static.akamaitechnologies.com  , 7
hg-in-f120.1e100.net  , 7
v-client-4a.sjc.dropbox.com  , 7
percussion-on.wellsfargo.com  , 7
fa-in-f120.1e100.net  , 7
fra02s18-in-f15.1e100.net  , 7
ec2-50-19-84-64.compute-1.amazonaws.com  , 7
ec2-23-23-251-7.compute-1.amazonaws.com  , 7
nuq05s01-in-f15.1e100.net  , 7
r-199-59-148-87.twttr.com  , 7
reset.pasadena.edu  , 7
server-54-230-86-154.lax3.r.cloudfront.net  , 7
gw010.lphbs.com  , 7
ec2-54-200-67-53.us-west-2.compute.amazonaws.com  , 7
pb-in-f125.1e100.net  , 7
client-8b.v.dropbox.com  , 7
ec2-23-21-128-44.compute-1.amazonaws.com  , 7
a72-247-139-120.deploy.akamaitechnologies.com  , 7
elcap.inst.physics.ucsb.edu  , 7
wsip-70-186-131-57.sd.sd.cox.net  , 7
srv01.liketodownload.com  , 6
securethumbs.ebay.com  , 6
api.ebay.com  , 6
bay406.hotmail.com  , 6
ea-in-f120.1e100.net  , 6
server-54-230-138-135.lax1.r.cloudfront.net  , 6
a23-35-193-224.deploy.static.akamaitechnologies.com  , 6
ec2-23-21-125-226.compute-1.amazonaws.com  , 6
a184-87-50-64.deploy.static.akamaitechnologies.com  , 6
173.192.117.195-static.reverse.networklayer.com  , 6
ec2-54-218-32-23.us-west-2.compute.amazonaws.com  , 6
74.113.233.133.df.iaccap.com  , 6
v-client-3b.sjc.dropbox.com  , 6
server-54-230-136-207.lax1.r.cloudfront.net  , 6
ec2-54-213-12-49.us-west-2.compute.amazonaws.com  , 6
bud02s02-in-f15.1e100.net  , 6
a184-28-36-224.deploy.static.akamaitechnologies.com  , 6
gw025.lphbs.com  , 6
nuq05s01-in-f30.1e100.net  , 6
ec2-46-51-171-135.eu-west-1.compute.amazonaws.com  , 6
server-54-230-138-92.lax1.r.cloudfront.net  , 6
data.cmcore.com  , 6
snsproxy-vn01.evip.aol.com  , 6
r1.ycpi.vip.sp2.yahoo.net  , 6
a184-50-0-47.deploy.static.akamaitechnologies.com  , 6
semper18.itea.ntnu.no  , 6
a184-86-17-224.deploy.static.akamaitechnologies.com  , 6
applytexas.dcs.its.utexas.edu  , 6
cds51.sea9.msecn.net  , 6
ec2-54-221-47-65.compute-1.amazonaws.com  , 6
mn27test.infusionsoft.com  , 6
ec2-54-225-174-133.compute-1.amazonaws.com  , 6
qe-in-f120.1e100.net  , 6
d-4b.sjc.dropbox.com  , 6
server-54-230-137-185.lax1.r.cloudfront.net  , 6
ec2-174-129-242-31.compute-1.amazonaws.com  , 6
ec2-50-17-204-139.compute-1.amazonaws.com  , 6
a23-73-226-110.deploy.static.akamaitechnologies.com  , 6
bn1ab.wns.windows.com  , 6
a72-246-119-41.deploy.akamaitechnologies.com  , 6
pd-in-f193.1e100.net  , 6
a23-34-112-207.deploy.static.akamaitechnologies.com  , 6
col401.hotmail.com  , 6
a96-7-82-70.deploy.akamaitechnologies.com  , 6
client-9b.v.dropbox.com  , 6
client-8a.v.dropbox.com  , 6
a184-87-169-83.deploy.static.akamaitechnologies.com  , 6
a23-5-1-224.deploy.static.akamaitechnologies.com  , 5
server-54-230-85-75.lax3.r.cloudfront.net  , 5
204.77.30.161.reverse.coremetrics.com  , 5
ec2-50-16-188-141.compute-1.amazonaws.com  , 5
developer.apple.com  , 5
ec2-23-23-101-126.compute-1.amazonaws.com  , 5
ec2-54-225-157-220.compute-1.amazonaws.com  , 5
204.77.31.254.reverse.coremetrics.com  , 5
198-101-228-94.static.cloud-ips.com  , 5
a23-52-113-224.deploy.static.akamaitechnologies.com  , 5
bn1msgr1010923.gateway.edge.messenger.live.com  , 5
cds32.sea9.msecn.net  , 5
a23-34-118-35.deploy.static.akamaitechnologies.com  , 5
lax17s02-in-f23.1e100.net  , 5
d-3a.v.dropbox.com  , 5
bn1cd.wns.windows.com  , 5
linkwebplay.ash1-linklb-a1.ash.spotify.com  , 5
bom03s01-in-f15.1e100.net  , 5
bits-lb.eqiad.wikimedia.org  , 5
bn1-2ab.wns.windows.com  , 5
server-54-230-85-45.lax3.r.cloudfront.net  , 5
r-199-59-150-41.twttr.com  , 5
r-199-59-149-200.twttr.com  , 5
a23-74-162-161.deploy.static.akamaitechnologies.com  , 5
ec2-107-20-157-231.compute-1.amazonaws.com  , 5
bbc-vip021.cwwtf.bbc.co.uk  , 5
a198-189-255-147.deploy.akamaitechnolgies.com  , 5
bn1skype-s1.gateway.messenger.live.com  , 5
a173-223-232-161.deploy.static.akamaitechnologies.com  , 5
ec2-23-21-178-106.compute-1.amazonaws.com  , 5
imap.lsit.ucsb.edu  , 5
server-205-251-203-56.lax3.r.cloudfront.net  , 5
r2.ycpi.vip.lax.yahoo.net  , 5
ec2-54-214-6-226.us-west-2.compute.amazonaws.com  , 5
ec2-54-235-185-24.compute-1.amazonaws.com  , 5
ec2-54-235-142-101.compute-1.amazonaws.com  , 5
float.292.bm-impbus.prod.lax1.adnexus.net  , 5
beacon-2.newrelic.com  , 5
idp.feide.no  , 5
lax04s09-in-f31.1e100.net  , 5
soundcloud.com  , 5
r-199-59-150-10.twttr.com  , 5
v-client-2b.sjc.dropbox.com  , 5
ec2-54-245-247-229.us-west-2.compute.amazonaws.com  , 5
server-205-251-203-48.lax3.r.cloudfront.net  , 5
a23-73-228-230.deploy.static.akamaitechnologies.com  , 5
addons-versioncheck-single3.zlb.phx.mozilla.net  , 5
99.205.170.108.bc.googleusercontent.com  , 4
a96-7-92-245.deploy.akamaitechnologies.com  , 4
server-54-230-139-39.lax1.r.cloudfront.net  , 4
a96-7-94-131.deploy.akamaitechnologies.com  , 4
vcs-star-imap-myc.mail.vip.gq1.yahoo.com  , 4
a23-5-8-70.deploy.static.akamaitechnologies.com  , 4
cds122.sea9.msecn.net  , 4
a184-87-52-61.deploy.static.akamaitechnologies.com  , 4
ec2-54-221-203-161.compute-1.amazonaws.com  , 4
beacon-1.newrelic.com  , 4
ec2-184-73-200-229.compute-1.amazonaws.com  , 4
ee-in-f120.1e100.net  , 4
a184-87-170-238.deploy.static.akamaitechnologies.com  , 4
ec2-54-243-155-252.compute-1.amazonaws.com  , 4
nginx-vma.mx.aol.com  , 4
gw004.lphbs.com  , 4
ec2-54-243-116-68.compute-1.amazonaws.com  , 4
a173-223-3-160.deploy.static.akamaitechnologies.com  , 4
ec2-54-218-16-89.us-west-2.compute.amazonaws.com  , 4
a23-34-128-60.deploy.static.akamaitechnologies.com  , 4
a96-7-88-124.deploy.akamaitechnologies.com  , 4
flextags.co3.binginternal.com  , 4
ec2-23-21-80-70.compute-1.amazonaws.com  , 4
hrs68-77.housing.ucsb.edu  , 4
12.203.170.108.bc.googleusercontent.com  , 4
cds105.sea9.msecn.net  , 4
cds100.sea9.msecn.net  , 4
d-6a.sjc.dropbox.com  , 4
r-199-59-150-9.twttr.com  , 4
a184-87-57-49.deploy.static.akamaitechnologies.com  , 4
owl.cengage.com  , 4
ec2-54-241-246-127.us-west-1.compute.amazonaws.com  , 4
ec2-184-73-228-210.compute-1.amazonaws.com  , 4
r-199-59-149-199.twttr.com  , 4
lax02s02-in-f1.1e100.net  , 4
a23-5-2-45.deploy.static.akamaitechnologies.com  , 4
server-216-137-45-75.lax1.r.cloudfront.net  , 4
a23-34-113-104.deploy.static.akamaitechnologies.com  , 4
gops.usw18.mobstor.vip.gq1.yahoo.com  , 4
ec2-23-21-54-230.compute-1.amazonaws.com  , 4
mg3b.mail.vip.sp1.yahoo.com  , 4
a184-50-14-13.deploy.static.akamaitechnologies.com  , 4
ec2-174-129-150-29.compute-1.amazonaws.com  , 4
ec2-107-22-175-40.compute-1.amazonaws.com  , 4
lhr08s04-in-f15.1e100.net  , 4
api.soundcloud.com  , 4
ec2-23-23-206-190.compute-1.amazonaws.com  , 4
r-199-59-150-46.twttr.com  , 4
repo.library.upenn.edu  , 4
ec2-54-243-81-136.compute-1.amazonaws.com  , 4
server-205-251-203-162.lax3.r.cloudfront.net  , 4
static.bunchball.com  , 4
ec2-46-137-87-96.eu-west-1.compute.amazonaws.com  , 4
ec2-54-246-167-186.eu-west-1.compute.amazonaws.com  , 4
www.aamc.org  , 4
developer-zlb.vips.scl3.mozilla.com  , 4
a173-223-1-83.deploy.static.akamaitechnologies.com  , 4
ec2-50-18-173-83.us-west-1.compute.amazonaws.com  , 4
ec2-54-225-93-206.compute-1.amazonaws.com  , 4
a184-87-57-232.deploy.static.akamaitechnologies.com  , 4
bs04.logs.vip.kks.yahoo.co.jp  , 4
r2.ycpi.vip.sjb.yahoo.net  , 4
edge-star-shv-05-sjc1.facebook.com  , 4
a72-246-119-43.deploy.akamaitechnologies.com  , 4
https-68-142-106-26.lax.llnw.net  , 4
rn21.ultipro.com  , 4
sta-204-144-140-26.rockynet.com  , 4
media2.wwnorton.com  , 4
ec2-54-243-145-76.compute-1.amazonaws.com  , 4
ec2-107-20-234-210.compute-1.amazonaws.com  , 4
nginx-vmb.mx.aol.com  , 4
ec2-54-200-133-219.us-west-2.compute.amazonaws.com  , 4
a184-87-171-162.deploy.static.akamaitechnologies.com  , 4
ec2-23-21-244-202.compute-1.amazonaws.com  , 4
edge-star-shv-01-lax1.facebook.com  , 4
server-205-251-203-110.lax3.r.cloudfront.net  , 4
ec2-23-21-114-117.compute-1.amazonaws.com  , 4
198-101-228-66.static.cloud-ips.com  , 4
ec2-54-236-187-132.compute-1.amazonaws.com  , 4
bl179ds.mail.services.live.com  , 4
server-54-230-137-27.lax1.r.cloudfront.net  , 4
a23-34-132-185.deploy.static.akamaitechnologies.com  , 4
ec2-54-235-131-28.compute-1.amazonaws.com  , 4
sea09s02-in-f15.1e100.net  , 4
ec2-23-21-210-223.compute-1.amazonaws.com  , 4
lax02s19-in-f31.1e100.net  , 4
ec2-50-112-101-13.us-west-2.compute.amazonaws.com  , 4
server-54-230-137-127.lax1.r.cloudfront.net  , 4
ec2-107-21-122-245.compute-1.amazonaws.com  , 4
n-prd-pxl-adcom-ntc.evip.aol.com  , 4
ec2-23-23-171-25.compute-1.amazonaws.com  , 4
a72-246-119-35.deploy.akamaitechnologies.com  , 4
ec2-54-225-195-124.compute-1.amazonaws.com  , 4
lax02s02-in-f9.1e100.net  , 4
a173-223-2-161.deploy.static.akamaitechnologies.com  , 4
n36.mail01.mtsvc.net  , 3
server-54-230-138-66.lax1.r.cloudfront.net  , 3
ec2-54-214-42-165.us-west-2.compute.amazonaws.com  , 3
a173-223-232-139.deploy.static.akamaitechnologies.com  , 3
vcs-star-i-myc.mail.vip.bf1.yahoo.com  , 3
ec2-23-23-97-35.compute-1.amazonaws.com  , 3
ec2-50-19-250-48.compute-1.amazonaws.com  , 3
ec2-107-21-200-12.compute-1.amazonaws.com  , 3
ec2-174-129-9-158.compute-1.amazonaws.com  , 3
gw006.lphbs.com  , 3
lax02s19-in-f24.1e100.net  , 3
sslvpn2.ntnu.no  , 3
www.pandora.com  , 3
ec2-54-243-67-202.compute-1.amazonaws.com  , 3
ec2-54-243-85-133.compute-1.amazonaws.com  , 3
ieeexplore.ieee.org  , 3
freemx3.sinamail.sina.com.cn  , 3
cds167.sea9.msecn.net  , 3
ec2-23-23-254-51.compute-1.amazonaws.com  , 3
addons-versioncheck-single1.zlb.phx.mozilla.net  , 3
a23-35-192-107.deploy.static.akamaitechnologies.com  , 3
a96-7-235-24.deploy.akamaitechnologies.com  , 3
ec2-23-23-169-138.compute-1.amazonaws.com  , 3
livepass.conviva.com  , 3
ec2-54-243-198-143.compute-1.amazonaws.com  , 3
a23-40-193-224.deploy.static.akamaitechnologies.com  , 3
ec2-184-72-216-238.compute-1.amazonaws.com  , 3
sta-204-144-141-28.rockynet.com  , 3
199.255.34.2.reverse.coremetrics.com  , 3
ec2-23-23-145-235.compute-1.amazonaws.com  , 3
a23-35-193-212.deploy.static.akamaitechnologies.com  , 3
xx-fbcdn-shv-03-ord1.fbcdn.net  , 3
a184-31-227-235.deploy.static.akamaitechnologies.com  , 3
ec2-107-20-188-102.compute-1.amazonaws.com  , 3
cds78.sea9.msecn.net  , 3
a96-7-83-171.deploy.akamaitechnologies.com  , 3
ord08s11-in-f15.1e100.net  , 3
bn1msgr1011402.gateway.edge.messenger.live.com  , 3
ord08s09-in-f15.1e100.net  , 3
gops.use103.mobstor.vip.bf1.yahoo.com  , 3
lax02s02-in-f24.1e100.net  , 3
lax02s01-in-f15.1e100.net  , 3
gw047.lphbs.com  , 3
v-client-4b.sjc.dropbox.com  , 3
ec2-184-73-196-194.compute-1.amazonaws.com  , 3
ec2-54-246-166-89.eu-west-1.compute.amazonaws.com  , 3
ec2-23-21-78-148.compute-1.amazonaws.com  , 3
ec2-174-129-19-254.compute-1.amazonaws.com  , 3
ec2-54-243-183-50.compute-1.amazonaws.com  , 3
a23-193-123-19.deploy.static.akamaitechnologies.com  , 3
www-vip16.dmz.fedex.com  , 3
a23-8-194-101.deploy.static.akamaitechnologies.com  , 3
s.imp.microsoft.com  , 3
v-www-1b.sjc.dropbox.com  , 3
ec2-184-73-233-134.compute-1.amazonaws.com  , 3
vcs-u2-star-i-myc.mail.vip.bf1.yahoo.com  , 3
mpr1.ngd.vip.ne1.yahoo.com  , 3
ni-in-f120.1e100.net  , 3
my.atttest.com  , 3
a23-36-50-217.deploy.static.akamaitechnologies.com  , 3
ec2-54-236-156-196.compute-1.amazonaws.com  , 3
a23-8-200-134.deploy.static.akamaitechnologies.com  , 3
ec2-23-21-246-16.compute-1.amazonaws.com  , 3
a72-246-119-9.deploy.akamaitechnologies.com  , 3
a184-28-37-231.deploy.static.akamaitechnologies.com  , 3
a23-35-194-101.deploy.static.akamaitechnologies.com  , 3
ec2-23-21-217-152.compute-1.amazonaws.com  , 3
server-54-230-136-135.lax1.r.cloudfront.net  , 3
ec2-184-73-154-37.compute-1.amazonaws.com  , 3
addons-mozilla-org-san.mktns.services.phx1.mozilla.net  , 3
ec2-107-21-103-215.compute-1.amazonaws.com  , 3
ec2-184-72-253-88.compute-1.amazonaws.com  , 3
lax02s02-in-f2.1e100.net  , 3
162-28.amazon.com  , 3
lax02s02-in-f31.1e100.net  , 3
server-54-230-84-38.lax3.r.cloudfront.net  , 3
nc-as-images.apple.com  , 3
ec2-23-23-121-207.compute-1.amazonaws.com  , 3
ec2-107-21-39-39.compute-1.amazonaws.com  , 3
cache1.symplicity.com  , 3
la-in-f120.1e100.net  , 3
ec2-23-21-70-29.compute-1.amazonaws.com  , 3
ec2-174-129-233-163.compute-1.amazonaws.com  , 3
a184-27-107-120.deploy.static.akamaitechnologies.com  , 3
a23-193-59-153.deploy.static.akamaitechnologies.com  , 3
bn1msgr2011201.gateway.edge.messenger.live.com  , 3
ec2-107-22-224-92.compute-1.amazonaws.com  , 3
linkwebplay.ash1-linklb-a2.ash.spotify.com  , 3
204.77.30.86.reverse.coremetrics.com  , 3
nts-web1-w33.co.ventura.ca.us  , 3
openauthprod-vn01.evip.aol.com  , 3
ec2-107-20-224-172.compute-1.amazonaws.com  , 3
50.97.253.243-static.reverse.softlayer.com  , 3
a184-85-162-54.deploy.static.akamaitechnologies.com  , 3
server-54-230-138-152.lax1.r.cloudfront.net  , 3
ec2-54-225-71-27.compute-1.amazonaws.com  , 3
sync.ezweb.ne.jp  , 3
ec2-54-236-97-58.compute-1.amazonaws.com  , 3
198-101-194-89.static.cloud-ips.com  , 3
162-148.amazon.com  , 3
dfw06s27-in-f10.1e100.net  , 3
gw009.lphbs.com  , 3
r-199-59-148-84.twttr.com  , 3
nrt19s11-in-f15.1e100.net  , 3
r-199-59-149-232.twttr.com  , 3
a96-6-50-54.deploy.akamaitechnologies.com  , 3
133.179.216.67.in-addr.arpa  , 3
173.192.82.172-static.reverse.softlayer.com  , 3
bn1msgr2011904.gateway.edge.messenger.live.com  , 3
cds63.sea9.msecn.net  , 3
a184-85-171-164.deploy.static.akamaitechnologies.com  , 3
a96-7-89-28.deploy.akamaitechnologies.com  , 3
da-in-f117.1e100.net  , 3
any.edge.bing.com  , 3
ec2-54-235-132-88.compute-1.amazonaws.com  , 3
bn1msgr2010701.gateway.edge.messenger.live.com  , 3
a23-34-117-229.deploy.static.akamaitechnologies.com  , 3
a69-192-47-139.deploy.akamaitechnologies.com  , 3
ec2-50-16-232-236.compute-1.amazonaws.com  , 3
169-231-102-48.wireless.ucsb.edu  , 3
a184-87-171-160.deploy.static.akamaitechnologies.com  , 3
ec2-54-243-88-123.compute-1.amazonaws.com  , 3
a23-74-14-246.deploy.static.akamaitechnologies.com  , 3
ec2-54-225-138-39.compute-1.amazonaws.com  , 3
dfw06s41-in-f15.1e100.net  , 3
a23-34-117-235.deploy.static.akamaitechnologies.com  , 3
www.purdue.edu  , 3
v-client-7a.sjc.dropbox.com  , 3
m442f36d0.tmodns.net  , 3
presentation-sjc2.turn.com  , 3
client-9a.v.dropbox.com  , 3
yn-in-f94.1e100.net  , 3
a23-35-192-60.deploy.static.akamaitechnologies.com  , 3
bay407.hotmail.com  , 3
a23-74-130-217.deploy.static.akamaitechnologies.com  , 3
gw095.lphbs.com  , 3
server-54-230-137-6.lax1.r.cloudfront.net  , 3
a184-87-60-101.deploy.static.akamaitechnologies.com  , 3
a184-85-163-205.deploy.static.akamaitechnologies.com  , 3
addons-mozilla-org.mktns.services.phx1.mozilla.net  , 3
r-199-59-149-243.twttr.com  , 3
ec2-54-218-89-70.us-west-2.compute.amazonaws.com  , 3
act-3-blu.mesh.com  , 3
lax02s01-in-f24.1e100.net  , 3
75.126.143.103-static.reverse.softlayer.com  , 3
216.120.27.21.ptr.us.xo.net  , 3
www2.twitter.jp  , 3
ec2-54-243-77-169.compute-1.amazonaws.com  , 3
float.573.bm-impbus.prod.lax1.adnexus.net  , 3
ec2-54-243-238-196.compute-1.amazonaws.com  , 3
server-216-137-45-215.lax1.r.cloudfront.net  , 3
r-199-59-148-11.twttr.com  , 3
gops.usw103.mobstor.vip.gq1.yahoo.com  , 3
ec2-50-112-132-18.us-west-2.compute.amazonaws.com  , 3
a184-50-27-128.deploy.static.akamaitechnologies.com  , 3
pd-in-f94.1e100.net  , 3
ec2-107-21-208-120.compute-1.amazonaws.com  , 3
a173-223-0-81.deploy.static.akamaitechnologies.com  , 3
ec2-54-225-184-69.compute-1.amazonaws.com  , 3
gw104.lphbs.com  , 3
ec2-54-235-128-234.compute-1.amazonaws.com  , 3
lax04s09-in-f23.1e100.net  , 3
a184-87-57-28.deploy.static.akamaitechnologies.com  , 3
vc-in-f94.1e100.net  , 3
ec2-54-235-245-235.compute-1.amazonaws.com  , 2
a184-85-171-120.deploy.static.akamaitechnologies.com  , 2
ec2-50-16-194-207.compute-1.amazonaws.com  , 2
173.192.117.107-static.reverse.networklayer.com  , 2
server-54-230-136-120.lax1.r.cloudfront.net  , 2
a184-50-27-137.deploy.static.akamaitechnologies.com  , 2
ec2-23-21-203-231.compute-1.amazonaws.com  , 2
blackboard.miracosta.edu  , 2
ec2-54-243-110-5.compute-1.amazonaws.com  , 2
bn1msgr1011123.gateway.edge.messenger.live.com  , 2
p08-imap.mail.me.com  , 2
lax02s02-in-f5.1e100.net  , 2
m.webtrends.com  , 2
cds41.sea9.msecn.net  , 2
co2.sls.microsoft.com  , 2
pd-in-f113.1e100.net  , 2
ec2-23-21-222-88.compute-1.amazonaws.com  , 2
a184-87-52-46.deploy.static.akamaitechnologies.com  , 2
a23-193-98-234.deploy.static.akamaitechnologies.com  , 2
gw033.lphbs.com  , 2
passport.identity.ucsb.edu  , 2
cds47.sea9.msecn.net  , 2
server-54-230-86-91.lax3.r.cloudfront.net  , 2
cds74.sea9.msecn.net  , 2
ec2-50-18-24-147.us-west-1.compute.amazonaws.com  , 2
ec2-54-243-190-211.compute-1.amazonaws.com  , 2
ec2-50-112-102-58.us-west-2.compute.amazonaws.com  , 2
ec2-54-225-189-169.compute-1.amazonaws.com  , 2
static.aamc.org  , 2
lax02s20-in-f17.1e100.net  , 2
198.23.64.19-static.reverse.softlayer.com  , 2
198-101-228-83.static.cloud-ips.com  , 2
ec2-23-21-109-202.compute-1.amazonaws.com  , 2
p1.toolbar.vip.gq1.yahoo.com  , 2
ec2-54-225-175-178.compute-1.amazonaws.com  , 2
den03s06-in-f15.1e100.net  , 2
nuq05s02-in-f30.1e100.net  , 2
ec2-50-112-102-8.us-west-2.compute.amazonaws.com  , 2
ec2-54-229-10-200.eu-west-1.compute.amazonaws.com  , 2
ec2-54-213-35-194.us-west-2.compute.amazonaws.com  , 2
host-73.alipay.com  , 2
stackoverflow.com  , 2
server-54-230-85-15.lax3.r.cloudfront.net  , 2
75.126.43.49-static.reverse.softlayer.com  , 2
ec2-54-243-84-31.compute-1.amazonaws.com  , 2
dfw06s27-in-f27.1e100.net  , 2
ec2-184-169-222-227.us-west-1.compute.amazonaws.com  , 2
a184-50-11-32.deploy.static.akamaitechnologies.com  , 2
a173-223-1-208.deploy.static.akamaitechnologies.com  , 2
server-54-230-139-54.lax1.r.cloudfront.net  , 2
grid1.edge-fo.mia1.verisign.com  , 2
gw017.lphbs.com  , 2
163-134.amazon.com  , 2
fivemin-cs-shared-dtc-c.evip.aol.com  , 2
ip13.ch1sch01033aash.ntwk.msn.net  , 2
client-10a.v.dropbox.com  , 2
a.tribalfusion.com  , 2
a96-7-84-220.deploy.akamaitechnologies.com  , 2
a184-50-11-120.deploy.static.akamaitechnologies.com  , 2
ec2-174-129-204-132.compute-1.amazonaws.com  , 2
bn1msgr1011022.gateway.edge.messenger.live.com  , 2
gw102.lphbs.com  , 2
m.xp1.ru4.com  , 2
a23-8-196-185.deploy.static.akamaitechnologies.com  , 2
by2prd0712.outlook.com  , 2
ec2-50-112-119-226.us-west-2.compute.amazonaws.com  , 2
a23-8-204-19.deploy.static.akamaitechnologies.com  , 2
sta-204-144-140-28.rockynet.com  , 2
www.rdio.com  , 2
ec2-107-23-96-65.compute-1.amazonaws.com  , 2
cas.criteo.com  , 2
adtechus-ads-atatwola-ntc-shared.evip.aol.com  , 2
ec2-107-22-177-64.compute-1.amazonaws.com  , 2
na1r.services.adobe.com  , 2
v-client-5b.sjc.dropbox.com  , 2
r-199-59-150-42.twttr.com  , 2
a184-87-170-46.deploy.static.akamaitechnologies.com  , 2
cat-cns-batch.usps.com  , 2
lax17s01-in-f15.1e100.net  , 2
ec2-176-34-155-183.eu-west-1.compute.amazonaws.com  , 2
ec2-54-235-79-225.compute-1.amazonaws.com  , 2
gw005.lphbs.com  , 2
ec2-54-235-180-191.compute-1.amazonaws.com  , 2
a184-28-166-224.deploy.static.akamaitechnologies.com  , 2
mad01s14-in-f15.1e100.net  , 2
gw094.lphbs.com  , 2
bl177ds.mail.services.live.com  , 2
ec2-54-200-215-210.us-west-2.compute.amazonaws.com  , 2
registerdisney.go.com  , 2
a72-246-119-16.deploy.akamaitechnologies.com  , 2
a23-34-124-19.deploy.static.akamaitechnologies.com  , 2
a23-49-136-70.deploy.static.akamaitechnologies.com  , 2
a72-246-242-46.deploy.akamaitechnologies.com  , 2
a23-43-178-234.deploy.static.akamaitechnologies.com  , 2
ec2-54-245-234-5.us-west-2.compute.amazonaws.com  , 2
a173-223-232-155.deploy.static.akamaitechnologies.com  , 2
a23-193-114-54.deploy.static.akamaitechnologies.com  , 2
vcs-u3-star-i-myc.mail.vip.ne1.yahoo.com  , 2
a23-73-229-186.deploy.static.akamaitechnologies.com  , 2
a72-246-53-67.deploy.akamaitechnologies.com  , 2
sjc1-linkap-a4.sjc1.spotify.com  , 2
server-54-230-138-4.lax1.r.cloudfront.net  , 2
lax02s20-in-f26.1e100.net  , 2
vcs-u2-star-imap-myc.mail.vip.gq1.yahoo.com  , 2
ec2-54-235-196-35.compute-1.amazonaws.com  , 2
a184-27-189-231.deploy.static.akamaitechnologies.com  , 2
a184-51-200-40.deploy.static.akamaitechnologies.com  , 2
filter5.adblockplus.org  , 2
lax02s20-in-f31.1e100.net  , 2
ec2-75-101-152-177.compute-1.amazonaws.com  , 2
muminmamman.ash.spotify.com  , 2
a72-246-243-120.deploy.akamaitechnologies.com  , 2
server-54-230-84-192.lax3.r.cloudfront.net  , 2
server-205-251-203-208.lax3.r.cloudfront.net  , 2
ec2-54-226-146-66.compute-1.amazonaws.com  , 2
a23-34-114-234.deploy.static.akamaitechnologies.com  , 2
a184-28-36-66.deploy.static.akamaitechnologies.com  , 2
ec2-54-236-99-239.compute-1.amazonaws.com  , 2
ec2-184-169-138-127.us-west-1.compute.amazonaws.com  , 2
service1-nk11-a.ess.apple.com  , 2
sdc.arena.no  , 2
gw066.lphbs.com  , 2
v-client-1a.sjc.dropbox.com  , 2
server-54-230-136-153.lax1.r.cloudfront.net  , 2
nginx-vd03.mx.aol.com  , 2
gw073.lphbs.com  , 2
server-54-230-137-246.lax1.r.cloudfront.net  , 2
ec2-54-243-76-65.compute-1.amazonaws.com  , 2
ec2-50-16-197-172.compute-1.amazonaws.com  , 2
bn1msgr2011204.gateway.edge.messenger.live.com  , 2
vcs-u3-star-i-myc.mail.vip.gq1.yahoo.com  , 2
gw051.lphbs.com  , 2
ec2-107-21-209-123.compute-1.amazonaws.com  , 2
a96-7-85-29.deploy.akamaitechnologies.com  , 2
ec2-54-243-105-201.compute-1.amazonaws.com  , 2
ec2-54-244-120-150.us-west-2.compute.amazonaws.com  , 2
ec2-54-225-155-141.compute-1.amazonaws.com  , 2
a184-87-48-166.deploy.static.akamaitechnologies.com  , 2
ec2-54-225-221-134.compute-1.amazonaws.com  , 2
st10008027.connectivity.icloud.com  , 2
bn1msgr1011506.gateway.edge.messenger.live.com  , 2
ec2-23-21-150-93.compute-1.amazonaws.com  , 2
st10508026.connectivity.icloud.com  , 2
pixel.quantserve.com  , 2
vh-in-f120.1e100.net  , 2
a23-192-126-224.deploy.static.akamaitechnologies.com  , 2
cds146.sea9.msecn.net  , 2
a23-74-161-195.deploy.static.akamaitechnologies.com  , 2
ec2-23-23-128-123.compute-1.amazonaws.com  , 2
sbk.id.barrons.com  , 2
id-all.apple.com  , 2
upload-lb.eqiad.wikimedia.org  , 2
ec2-54-241-21-84.us-west-1.compute.amazonaws.com  , 2
gw056.lphbs.com  , 2
wsip-70-186-131-19.sd.sd.cox.net  , 2
ec2-54-213-0-2.us-west-2.compute.amazonaws.com  , 2
atl14s07-in-f15.1e100.net  , 2
a23-34-113-86.deploy.static.akamaitechnologies.com  , 2
ec2-54-241-8-228.us-west-1.compute.amazonaws.com  , 2
a184-85-57-115.deploy.static.akamaitechnologies.com  , 2
beap-csc.adx.vip.ne1.yahoo.com  , 2
a184-50-27-131.deploy.static.akamaitechnologies.com  , 2
snsprod-cs-ntc-shared.evip.aol.com  , 2
ec2-54-244-127-176.us-west-2.compute.amazonaws.com  , 2
a72-246-119-40.deploy.akamaitechnologies.com  , 2
ec2-107-22-172-73.compute-1.amazonaws.com  , 2
mqtt-10-10-prn1.facebook.com  , 2
xx-fbcdn-shv-01-atl1.fbcdn.net  , 2
server-54-230-139-162.lax1.r.cloudfront.net  , 2
nrt19s12-in-f15.1e100.net  , 2
a173-223-232-114.deploy.static.akamaitechnologies.com  , 2
bn1msgr2011705.gateway.edge.messenger.live.com  , 2
d-5b.sjc.dropbox.com  , 2
ec2-107-22-254-173.compute-1.amazonaws.com  , 2
sa.aol.com.102.122.2o7.net  , 2
a23-74-162-46.deploy.static.akamaitechnologies.com  , 2
ec2-107-23-84-37.compute-1.amazonaws.com  , 2
gw049.lphbs.com  , 2
m4a4236d0.tmodns.net  , 2
bom03s02-in-f15.1e100.net  , 2
ec2-50-17-250-107.compute-1.amazonaws.com  , 2
kix01s01-in-f15.1e100.net  , 2
cds119.sea9.msecn.net  , 2
ar.or6.voicefive.com  , 2
dfw06s40-in-f24.1e100.net  , 2
gg-in-f125.1e100.net  , 2
ec2-54-235-137-216.compute-1.amazonaws.com  , 2
blob.sg1prdstr10a.store.core.windows.net  , 2
server-216-137-45-17.lax1.r.cloudfront.net  , 2
ec2-54-243-67-187.compute-1.amazonaws.com  , 2
a173-223-232-171.deploy.static.akamaitechnologies.com  , 2
arn06s01-in-f23.1e100.net  , 2
a173-223-232-107.deploy.static.akamaitechnologies.com  , 2
a23-74-146-45.deploy.static.akamaitechnologies.com  , 2
gw086.lphbs.com  , 2
ec2-107-22-186-87.compute-1.amazonaws.com  , 2
tp00-scl2.everesttech.net  , 2
gw030.lphbs.com  , 2
a23-36-50-110.deploy.static.akamaitechnologies.com  , 2
pd-in-f102.1e100.net  , 2
a184-27-110-131.deploy.static.akamaitechnologies.com  , 2
v-client-6a.sjc.dropbox.com  , 2
r-199-59-148-20.twttr.com  , 2
ec2-23-21-135-107.compute-1.amazonaws.com  , 2
player.soundcloud.com  , 2
137-116-40-230.drip.trouter.io  , 2
198.23.64.22-static.reverse.softlayer.com  , 2
mad01s09-in-f15.1e100.net  , 2
stereopsis.com  , 2
ntt-2.lastpass.com  , 2
ec2-54-225-235-210.compute-1.amazonaws.com  , 2
ec2-107-21-102-24.compute-1.amazonaws.com  , 2
acmkokoese.gs01.gridserver.com  , 2
a69-192-134-253.deploy.akamaitechnologies.com  , 2
origin.bl169w.blu169.mail.live.com  , 2
a23-73-224-47.deploy.static.akamaitechnologies.com  , 2
gw012.lphbs.com  , 2
cds34.sea9.msecn.net  , 2
137-116-40-246.drip.trouter.io  , 2
ec2-54-225-170-192.compute-1.amazonaws.com  , 2
ec2-54-243-202-251.compute-1.amazonaws.com  , 2
169-231-84-190.wireless.ucsb.edu  , 2
gw054.lphbs.com  , 2
cas.sv.us.criteo.com  , 2
ec2-54-243-170-252.compute-1.amazonaws.com  , 2
a173-223-3-120.deploy.static.akamaitechnologies.com  , 2
ec2-23-21-89-181.compute-1.amazonaws.com  , 2
gsweb.lsit.ucsb.edu  , 2
ec2-54-243-117-49.compute-1.amazonaws.com  , 2
rproxy1.us2.msg.vip.bf1.yahoo.com  , 2
a23-12-130-217.deploy.static.akamaitechnologies.com  , 2
ec2-23-23-121-57.compute-1.amazonaws.com  , 2
mails.tsinghua.edu.cn  , 2
ye-in-f120.1e100.net  , 2
lax02s20-in-f23.1e100.net  , 2
ec2-50-19-242-117.compute-1.amazonaws.com  , 2
a23-193-117-239.deploy.static.akamaitechnologies.com  , 2
ec2-184-73-172-240.compute-1.amazonaws.com  , 2
a173-223-232-115.deploy.static.akamaitechnologies.com  , 2
server-54-230-136-25.lax1.r.cloudfront.net  , 2
a184-87-51-29.deploy.static.akamaitechnologies.com  , 2
ec2-54-200-166-253.us-west-2.compute.amazonaws.com  , 2
vcs-star-im-yc.mail.vip.bf1.yahoo.com  , 2
proxy-v.library.ucsb.edu  , 2
a96-7-85-131.deploy.akamaitechnologies.com  , 2
bn1msgr1010822.gateway.edge.messenger.live.com  , 2
ds-usa-bln-1.itftd.com  , 2
a184-28-36-60.deploy.static.akamaitechnologies.com  , 2
open-55.scl2.efrontier.com  , 2
169-231-124-58.wireless.ucsb.edu  , 2
localization.att.net  , 2
a23-34-118-52.deploy.static.akamaitechnologies.com  , 2
a184-27-107-32.deploy.static.akamaitechnologies.com  , 2
li72-104.members.linode.com  , 2
75.126.21.131-static.reverse.softlayer.com  , 2
208.113.116.106.servepath.com  , 2
server-54-230-137-174.lax1.r.cloudfront.net  , 2
ec2-54-225-145-230.compute-1.amazonaws.com  , 2
ec2-23-21-44-43.compute-1.amazonaws.com  , 2
a184-85-171-156.deploy.static.akamaitechnologies.com  , 2
bud02s03-in-f15.1e100.net  , 2
ec2-174-129-39-235.compute-1.amazonaws.com  , 2
lax02s02-in-f3.1e100.net  , 2
ec2-54-225-168-249.compute-1.amazonaws.com  , 2
ec2-54-243-121-247.compute-1.amazonaws.com  , 2
ohtwbgdinet53-ns-login.verizonwireless.com  , 2
ec2-107-22-191-92.compute-1.amazonaws.com  , 2
ip161.67-202-66.static.steadfastdns.net  , 2
server-54-230-137-19.lax1.r.cloudfront.net  , 2
dfw06s27-in-f6.1e100.net  , 2
a23-48-251-120.deploy.static.akamaitechnologies.com  , 2
bn1msgr1011310.gateway.edge.messenger.live.com  , 1
ec2-54-235-252-194.compute-1.amazonaws.com  , 1
m564236d0.tmodns.net  , 1
cprodx-myatt.att.com  , 1
msnbot-157-56-229-210.search.msn.com  , 1
server-54-230-136-161.lax1.r.cloudfront.net  , 1
lax02s02-in-f7.1e100.net  , 1
ip.204.235.122.135.carrieriq.com  , 1
a23-73-239-139.deploy.static.akamaitechnologies.com  , 1
tacoda-atwola-prod-adcom-ntc.evip.aol.com  , 1
a184-87-168-81.deploy.static.akamaitechnologies.com  , 1
a184-50-27-147.deploy.static.akamaitechnologies.com  , 1
v-www-1a.sjc.dropbox.com  , 1
ec2-23-23-170-213.compute-1.amazonaws.com  , 1
web2.lsit.ucsb.edu  , 1
ec2-107-21-236-163.compute-1.amazonaws.com  , 1
a96-7-219-231.deploy.akamaitechnologies.com  , 1
bn1msgr2011307.gateway.edge.messenger.live.com  , 1
ec2-54-246-167-167.eu-west-1.compute.amazonaws.com  , 1
ec2-184-72-243-134.compute-1.amazonaws.com  , 1
ec2-23-23-160-159.compute-1.amazonaws.com  , 1
ec2-23-21-206-222.compute-1.amazonaws.com  , 1
ec2-54-235-168-92.compute-1.amazonaws.com  , 1
s3-1-w.amazonaws.com  , 1
199.255.33.95.reverse.coremetrics.com  , 1
bn1wns1011112.wns.windows.com  , 1
ec2-54-243-202-105.compute-1.amazonaws.com  , 1
www-6b.v.dropbox.com  , 1
108-166-104-129.static.cloud-ips.com  , 1
ec2-54-214-22-66.us-west-2.compute.amazonaws.com  , 1
www.mla.org  , 1
server-54-230-138-220.lax1.r.cloudfront.net  , 1
m582f36d0.tmodns.net  , 1
smrtpxl-adcom-adcom-mtc.evip.aol.com  , 1
intuit.com.102.122.2o7.net  , 1
csc-beap.adx.vip.gq1.yahoo.com  , 1
a23-193-114-217.deploy.static.akamaitechnologies.com  , 1
server-54-230-137-28.lax1.r.cloudfront.net  , 1
cds163.sea9.msecn.net  , 1
server-54-230-138-239.lax1.r.cloudfront.net  , 1
server-54-230-137-226.lax1.r.cloudfront.net  , 1
63-150-12-90.dia.static.qwest.net  , 1
ec2-54-245-238-21.us-west-2.compute.amazonaws.com  , 1
a184-28-37-237.deploy.static.akamaitechnologies.com  , 1
lax04s09-in-f24.1e100.net  , 1
a96-7-93-95.deploy.akamaitechnologies.com  , 1
ec2-54-243-225-158.compute-1.amazonaws.com  , 1
ec2-54-243-225-132.compute-1.amazonaws.com  , 1
ec2-184-169-142-199.us-west-1.compute.amazonaws.com  , 1
ec2-107-23-244-165.compute-1.amazonaws.com  , 1
ar.or4.voicefive.com  , 1
ec2-23-23-153-114.compute-1.amazonaws.com  , 1
matcher.bidder7.mookie1.com  , 1
nc-unbrick1.apple.com  , 1
a23-8-193-48.deploy.static.akamaitechnologies.com  , 1
137-116-40-180.drip.trouter.io  , 1
a23-61-194-24.deploy.static.akamaitechnologies.com  , 1
v-client-6b.sjc.dropbox.com  , 1
mobidcs.ebay.com  , 1
dfw06s27-in-f1.1e100.net  , 1
a184-50-27-154.deploy.static.akamaitechnologies.com  , 1
bn1msgr2011812.gateway.edge.messenger.live.com  , 1
a96-7-218-246.deploy.akamaitechnologies.com  , 1
a23-47-85-109.deploy.static.akamaitechnologies.com  , 1
gw034.lphbs.com  , 1
float.491.bm-impbus.prod.lax1.adnexus.net  , 1
mpr2.ngd.vip.gq1.yahoo.com  , 1
ec2-54-244-125-204.us-west-2.compute.amazonaws.com  , 1
a96-7-131-235.deploy.akamaitechnologies.com  , 1
a184-50-27-123.deploy.static.akamaitechnologies.com  , 1
gw046.lphbs.com  , 1
ec2-107-20-238-212.compute-1.amazonaws.com  , 1
lax02s20-in-f24.1e100.net  , 1
origin.sn147w.snt147.mail.live.com  , 1
sea09s16-in-f15.1e100.net  , 1
server-54-230-84-55.lax3.r.cloudfront.net  , 1
ec2-23-21-93-115.compute-1.amazonaws.com  , 1
bn1msgr1010922.gateway.edge.messenger.live.com  , 1
198-101-228-146.static.cloud-ips.com  , 1
gw070.lphbs.com  , 1
smtp.mailgun.org  , 1
ec2-174-129-232-207.compute-1.amazonaws.com  , 1
lhr14s19-in-f15.1e100.net  , 1
ec2-54-243-72-113.compute-1.amazonaws.com  , 1
sta-204-144-141-26.rockynet.com  , 1
syd01s19-in-f15.1e100.net  , 1
lax02s02-in-f4.1e100.net  , 1
ec2-54-246-114-255.eu-west-1.compute.amazonaws.com  , 1
calgate02.cal.vip.bf1.yahoo.com  , 1
*.112.2o7.net  , 1
server-54-230-137-29.lax1.r.cloudfront.net  , 1
static.criteo.net  , 1
mrs02s04-in-f0.1e100.net  , 1
ec2-23-21-121-221.compute-1.amazonaws.com  , 1
a23-0-98-159.deploy.static.akamaitechnologies.com  , 1
server-54-230-138-146.lax1.r.cloudfront.net  , 1
cluster014.ovh.net  , 1
ec2-23-21-168-191.compute-1.amazonaws.com  , 1
server-54-230-136-138.lax1.r.cloudfront.net  , 1
ec2-50-112-171-210.us-west-2.compute.amazonaws.com  , 1
b-shared-a-atc.evip.aol.com  , 1
unknown.scnet.net  , 1
169-231-113-107.wireless.ucsb.edu  , 1
bn1wns2011816.wns.windows.com  , 1
phoenix.yourcompsolution.com  , 1
ec2-107-21-252-35.compute-1.amazonaws.com  , 1
a23-48-251-32.deploy.static.akamaitechnologies.com  , 1
bn1-2cd.wns.windows.com  , 1
ec2-107-22-222-176.compute-1.amazonaws.com  , 1
syd01s18-in-f15.1e100.net  , 1
162-95.amazon.com  , 1
a23-34-113-48.deploy.static.akamaitechnologies.com  , 1
ec2-54-236-184-193.compute-1.amazonaws.com  , 1
ec2-54-241-19-89.us-west-1.compute.amazonaws.com  , 1
a23-35-193-84.deploy.static.akamaitechnologies.com  , 1
adtechus-ads-intergi-ntc-shared.evip.aol.com  , 1
sin04s01-in-f15.1e100.net  , 1
a184-85-48-47.deploy.static.akamaitechnologies.com  , 1
edge-star-shv-06-sjc1.facebook.com  , 1
api-50-18-195-96.stripe.com  , 1
bn1wns2011311.wns.windows.com  , 1
ec2-54-227-236-10.compute-1.amazonaws.com  , 1
iad23s07-in-f15.1e100.net  , 1
msnbot-157-55-34-241.search.msn.com  , 1
ec2-54-215-10-19.us-west-1.compute.amazonaws.com  , 1
ec2-54-214-17-217.us-west-2.compute.amazonaws.com  , 1
lax02s02-in-f0.1e100.net  , 1
a23-8-192-60.deploy.static.akamaitechnologies.com  , 1
vcs-smyc.mail.vip.gq1.yahoo.com  , 1
server-54-230-137-69.lax1.r.cloudfront.net  , 1
a23-193-115-205.deploy.static.akamaitechnologies.com  , 1
mil02s05-in-f15.1e100.net  , 1
lax17s01-in-f5.1e100.net  , 1
gw015.lphbs.com  , 1
unknown-68-142-253-x.yahoo.com  , 1
vh-in-f136.1e100.net  , 1
a184-85-61-95.deploy.static.akamaitechnologies.com  , 1
server-54-230-136-73.lax1.r.cloudfront.net  , 1
bn1wns1011113.wns.windows.com  , 1
bn1msgr1011308.gateway.edge.messenger.live.com  , 1
ip160.67-202-66.static.steadfastdns.net  , 1
ec2-54-243-153-220.compute-1.amazonaws.com  , 1
ec2-174-129-216-230.compute-1.amazonaws.com  , 1
a716sl.avast.com  , 1
a173-222-235-170.deploy.static.akamaitechnologies.com  , 1
my.ebay.com  , 1
ec2-184-73-193-117.compute-1.amazonaws.com  , 1
a23-74-144-60.deploy.static.akamaitechnologies.com  , 1
ec2-184-73-183-115.compute-1.amazonaws.com  , 1
origin.by176w.bay176.mail.live.com  , 1
sjc1-apresolve-a2.sjc1.spotify.com  , 1
169-231-90-52.wireless.ucsb.edu  , 1
ec2-184-73-164-178.compute-1.amazonaws.com  , 1
ec2-107-21-47-199.compute-1.amazonaws.com  , 1
ec2-23-21-80-190.compute-1.amazonaws.com  , 1
a72-246-53-51.deploy.akamaitechnologies.com  , 1
a23-67-56-41.deploy.static.akamaitechnologies.com  , 1
bn1msgr1011602.gateway.edge.messenger.live.com  , 1
ec2-174-129-237-3.compute-1.amazonaws.com  , 1
ec2-23-21-43-62.compute-1.amazonaws.com  , 1
ec2-54-243-87-30.compute-1.amazonaws.com  , 1
gw062.lphbs.com  , 1
server-54-230-137-91.lax1.r.cloudfront.net  , 1
dfw06s33-in-f15.1e100.net  , 1
ec2-23-23-230-61.compute-1.amazonaws.com  , 1
ws2.geonames.net  , 1
bn1wns2011221.wns.windows.com  , 1
a23-74-140-244.deploy.static.akamaitechnologies.com  , 1
lax04s08-in-f23.1e100.net  , 1
a23-34-113-118.deploy.static.akamaitechnologies.com  , 1
ec2-54-214-234-10.us-west-2.compute.amazonaws.com  , 1
pd-in-f101.1e100.net  , 1
lax02s01-in-f28.1e100.net  , 1
65-125-224-79.dia.static.qwest.net  , 1
ec2-107-20-248-135.compute-1.amazonaws.com  , 1
llb01.clearspring.com  , 1
static.sa.ucsb.edu  , 1
ec2-54-243-204-242.compute-1.amazonaws.com  , 1
a184-28-166-246.deploy.static.akamaitechnologies.com  , 1
a173-223-232-104.deploy.static.akamaitechnologies.com  , 1
fra07s30-in-f24.1e100.net  , 1
bn1wns2011505.wns.windows.com  , 1
ec2-184-73-168-243.compute-1.amazonaws.com  , 1
edge-star-shv-05-lax1.facebook.com  , 1
ec2-50-112-245-164.us-west-2.compute.amazonaws.com  , 1
ec2-23-21-40-62.compute-1.amazonaws.com  , 1
ec2-54-241-252-199.us-west-1.compute.amazonaws.com  , 1
v-www-2a.sjc.dropbox.com  , 1
a184-51-200-8.deploy.static.akamaitechnologies.com  , 1
www.applyweb.com  , 1
a69-192-36-46.deploy.akamaitechnologies.com  , 1
a184-27-109-95.deploy.static.akamaitechnologies.com  , 1
clickreport.com  , 1
a173-223-2-238.deploy.static.akamaitechnologies.com  , 1
wordpress.com  , 1
a72-246-53-106.deploy.akamaitechnologies.com  , 1
yh-in-f120.1e100.net  , 1
198.23.64.18-static.reverse.softlayer.com  , 1
bn1msgr2011702.gateway.edge.messenger.live.com  , 1
ec2-107-20-221-194.compute-1.amazonaws.com  , 1
ec2-54-243-34-149.compute-1.amazonaws.com  , 1
bn1wns1011711.wns.windows.com  , 1
server-216-137-45-47.lax1.r.cloudfront.net  , 1
ec2-54-243-171-157.compute-1.amazonaws.com  , 1
ec2-23-21-247-46.compute-1.amazonaws.com  , 1
ec2-50-17-223-130.compute-1.amazonaws.com  , 1
ghs-vip-any-c1148.ghs-ssl.googlehosted.com  , 1
bn1msgr2011709.gateway.edge.messenger.live.com  , 1
origin.bay179.mail.live.com  , 1
ec2-50-19-238-30.compute-1.amazonaws.com  , 1
ec2-50-19-108-89.compute-1.amazonaws.com  , 1
gg-in-f120.1e100.net  , 1
api.watchabc.go.com  , 1
a184-50-27-225.deploy.static.akamaitechnologies.com  , 1
67-23-229-84.static.dimenoc.com  , 1
nginx-vd02.mx.aol.com  , 1
a96-17-132-212.deploy.akamaitechnologies.com  , 1
50.97.213.107-static.reverse.softlayer.com  , 1
lhr14s20-in-f15.1e100.net  , 1
lax17s01-in-f31.1e100.net  , 1
ec2-54-241-41-203.us-west-1.compute.amazonaws.com  , 1
reco.ebay.com  , 1
a72-246-53-59.deploy.akamaitechnologies.com  , 1
a184-50-3-235.deploy.static.akamaitechnologies.com  , 1
ec2-54-243-158-120.compute-1.amazonaws.com  , 1
ec2-50-18-155-198.us-west-1.compute.amazonaws.com  , 1
nuq05s02-in-f15.1e100.net  , 1
ec2-54-200-166-132.us-west-2.compute.amazonaws.com  , 1
bom04s01-in-f15.1e100.net  , 1
lga15s35-in-f8.1e100.net  , 1
float.571.bm-impbus.prod.lax1.adnexus.net  , 1
a23-73-232-124.deploy.static.akamaitechnologies.com  , 1
vh-in-f190.1e100.net  , 1
syd01s13-in-f15.1e100.net  , 1
169-231-107-117.wireless.ucsb.edu  , 1
a69-192-129-48.deploy.akamaitechnologies.com  , 1
ec2-204-236-228-98.compute-1.amazonaws.com  , 1
ec2-23-23-196-130.compute-1.amazonaws.com  , 1
dfw06s40-in-f28.1e100.net  , 1
edge-star-shv-04-ord1.facebook.com  , 1
illa1.itea.ntnu.no  , 1
par03s12-in-f15.1e100.net  , 1
a184-50-27-120.deploy.static.akamaitechnologies.com  , 1
a96-7-130-70.deploy.akamaitechnologies.com  , 1
ec2-54-214-25-101.us-west-2.compute.amazonaws.com  , 1
ec2-54-235-193-172.compute-1.amazonaws.com  , 1
we-in-f120.1e100.net  , 1
ec2-184-72-237-63.compute-1.amazonaws.com  , 1
a184-50-2-70.deploy.static.akamaitechnologies.com  , 1
ec2-54-243-86-195.compute-1.amazonaws.com  , 1
mil01s18-in-f24.1e100.net  , 1
a173-223-1-195.deploy.static.akamaitechnologies.com  , 1
95.205.170.108.bc.googleusercontent.com  , 1
ec2-107-22-218-10.compute-1.amazonaws.com  , 1
a23-11-206-246.deploy.static.akamaitechnologies.com  , 1
server-54-230-86-241.lax3.r.cloudfront.net  , 1
bn1wns2011223.wns.windows.com  , 1
ec2-50-16-185-60.compute-1.amazonaws.com  , 1
a184-27-182-224.deploy.static.akamaitechnologies.com  , 1
v-misc-1b.sjc.dropbox.com  , 1
vcs-smyc.mail.vip.ne1.yahoo.com  , 1
ec2-23-21-71-25.compute-1.amazonaws.com  , 1
service1-st11-a.ess.apple.com  , 1
auth20120430.getjar.com  , 1
bn1wns1011415.wns.windows.com  , 1
a184-28-37-78.deploy.static.akamaitechnologies.com  , 1
221.207.170.108.bc.googleusercontent.com  , 1
cds179.sea9.msecn.net  , 1
a184-50-27-121.deploy.static.akamaitechnologies.com  , 1
67-23-229-85.static.dimenoc.com  , 1
ec2-54-225-162-82.compute-1.amazonaws.com  , 1
st10408027.connectivity.icloud.com  , 1
origin.by172w.bay172.mail.live.com  , 1
pd-in-f138.1e100.net  , 1
ec2-23-23-144-26.compute-1.amazonaws.com  , 1
bn1wns2011710.wns.windows.com  , 1
r-199-59-150-43.twttr.com  , 1
ec2-23-21-125-30.compute-1.amazonaws.com  , 1
syd01s12-in-f15.1e100.net  , 1
ec2-50-19-241-118.compute-1.amazonaws.com  , 1
li424-243.members.linode.com  , 1
fra07s32-in-f15.1e100.net  , 1
a23-193-118-165.deploy.static.akamaitechnologies.com  , 1
ec2-54-243-166-115.compute-1.amazonaws.com  , 1
ric01.enc.att.net  , 1
ec2-54-235-138-139.compute-1.amazonaws.com  , 1
ec2-50-16-231-223.compute-1.amazonaws.com  , 1
  , 1
ec2-50-16-202-22.compute-1.amazonaws.com  , 1
ec2-184-169-239-170.us-west-1.compute.amazonaws.com  , 1
qa-in-f120.1e100.net  , 1
server-54-230-136-158.lax1.r.cloudfront.net  , 1
ec2-184-72-238-61.compute-1.amazonaws.com  , 1
d-p-td-sjc2.turn.com  , 1
server-54-230-139-217.lax1.r.cloudfront.net  , 1
ec2-23-23-99-142.compute-1.amazonaws.com  , 1
osprey.lib.uoguelph.ca  , 1
ec2-23-23-136-65.compute-1.amazonaws.com  , 1
168-143-84-74-compute-ag1-ash01.opsourcecloud.net  , 1
ec2-50-16-209-244.compute-1.amazonaws.com  , 1
a23-34-140-19.deploy.static.akamaitechnologies.com  , 1
a23-8-160-143.deploy.static.akamaitechnologies.com  , 1
a23-15-226-70.deploy.static.akamaitechnologies.com  , 1
a23-74-141-15.deploy.static.akamaitechnologies.com  , 1
adtechus-ssp-ums-mtc-b.evip.aol.com  , 1
float.290.bm-impbus.prod.lax1.adnexus.net  , 1
a173-223-232-145.deploy.static.akamaitechnologies.com  , 1
ber01s08-in-f31.1e100.net  , 1
a23-15-235-120.deploy.static.akamaitechnologies.com  , 1
*.d1.sc.omtrdc.net  , 1
ec2-54-221-234-79.compute-1.amazonaws.com  , 1
lax17s01-in-f24.1e100.net  , 1
ec2-23-21-196-143.compute-1.amazonaws.com  , 1
ec2-54-225-201-153.compute-1.amazonaws.com  , 1
idp.sbcc.edu  , 1
ec2-107-20-14-47.compute-1.amazonaws.com  , 1
208.43.115.218-static.reverse.softlayer.com  , 1
server-54-230-137-47.lax1.r.cloudfront.net  , 1
ar.ia4.voicefive.com  , 1
server-54-230-138-100.lax1.r.cloudfront.net  , 1
lhr14s22-in-f15.1e100.net  , 1
nyorbgdinet51-ns-myaccount.verizonwireless.com  , 1
nuq04s19-in-f18.1e100.net  , 1
a23-34-116-171.deploy.static.akamaitechnologies.com  , 1
msnbot-65-55-24-231.search.msn.com  , 1
gw035.lphbs.com  , 1
first4.transcal.ucsb.edu  , 1
a184-50-27-155.deploy.static.akamaitechnologies.com  , 1
ec2-50-19-120-100.compute-1.amazonaws.com  , 1
lax02s02-in-f23.1e100.net  , 1
a725sl.avast.com  , 1
cds59.sea9.msecn.net  , 1
ec2-54-243-167-127.compute-1.amazonaws.com  , 1
ec2-23-21-192-92.compute-1.amazonaws.com  , 1
ec2-23-21-134-153.compute-1.amazonaws.com  , 1
a23-4-27-120.deploy.static.akamaitechnologies.com  , 1
ec2-54-243-237-152.compute-1.amazonaws.com  , 1
ec2-23-23-113-157.compute-1.amazonaws.com  , 1
mpr1.ngd.vip.gq1.yahoo.com  , 1
lns-bzn-38-82-253-85-75.adsl.proxad.net  , 1
pd-in-f82.1e100.net  , 1
a23-73-240-107.deploy.static.akamaitechnologies.com  , 1
a173-223-232-131.deploy.static.akamaitechnologies.com  , 1
a72-246-119-17.deploy.akamaitechnologies.com  , 1
ec2-23-21-145-179.compute-1.amazonaws.com  , 1
srv.ebayrtm.com  , 1
ec2-54-235-169-208.compute-1.amazonaws.com  , 1
a184-50-27-105.deploy.static.akamaitechnologies.com  , 1
ec2-107-23-159-255.compute-1.amazonaws.com  , 1
ec2-54-243-74-218.compute-1.amazonaws.com  , 1
a23-11-162-110.deploy.static.akamaitechnologies.com  , 1
cds171.sea9.msecn.net  , 1
a184-84-158-238.deploy.static.akamaitechnologies.com  , 1
sbk.id.wsj.com  , 1
a23-193-121-145.deploy.static.akamaitechnologies.com  , 1
ec2-54-244-250-52.us-west-2.compute.amazonaws.com  , 1
r-199-59-149-202.twttr.com  , 1
ec2-107-23-11-255.compute-1.amazonaws.com  , 1
lax02s20-in-f8.1e100.net  , 1
a23-8-164-185.deploy.static.akamaitechnologies.com  , 1
ec2-54-225-190-233.compute-1.amazonaws.com  , 1
ec2-54-214-25-193.us-west-2.compute.amazonaws.com  , 1
a23-4-240-107.deploy.static.akamaitechnologies.com  , 1
169-231-88-24.wireless.ucsb.edu  , 1
fa-in-f93.1e100.net  , 1
bn1wns2011404.wns.windows.com  , 1
lax02s01-in-f23.1e100.net  , 1
bay402.hotmail.com  , 1
ec2-54-221-249-60.compute-1.amazonaws.com  , 1
gw090.lphbs.com  , 1
safe-prodva.bankofamerica.com  , 1
a23-74-150-253.deploy.static.akamaitechnologies.com  , 1
fra07s28-in-f15.1e100.net  , 1
a184-87-169-10.deploy.static.akamaitechnologies.com  , 1
ec2-23-23-114-53.compute-1.amazonaws.com  , 1
a184-28-51-231.deploy.static.akamaitechnologies.com  , 1
ec2-54-215-56-188.us-west-1.compute.amazonaws.com  , 1
a23-4-19-234.deploy.static.akamaitechnologies.com  , 1
ec2-107-22-230-107.compute-1.amazonaws.com  , 1
ghs-vip-any-c1011.ghs-ssl.googlehosted.com  , 1
a23-74-149-235.deploy.static.akamaitechnologies.com  , 1
ec2-23-21-94-249.compute-1.amazonaws.com  , 1
a23-61-194-11.deploy.static.akamaitechnologies.com  , 1
ec2-107-20-249-126.compute-1.amazonaws.com  , 1
m444236d0.tmodns.net  , 1
a184-50-27-216.deploy.static.akamaitechnologies.com  , 1
a184-50-27-130.deploy.static.akamaitechnologies.com  , 1
gw078.lphbs.com  , 1
host-101.alipay.com  , 1
a96-6-96-47.deploy.akamaitechnologies.com  , 1
a184-87-51-146.deploy.static.akamaitechnologies.com  , 1
float.1403.bm-impbus.prod.lax1.adnexus.net  , 1
a184-50-27-114.deploy.static.akamaitechnologies.com  , 1
ec2-54-200-111-120.us-west-2.compute.amazonaws.com  , 1
a184-87-51-235.deploy.static.akamaitechnologies.com  , 1
server-54-230-136-157.lax1.r.cloudfront.net  , 1
gw037.lphbs.com  , 1
lax17s01-in-f4.1e100.net  , 1
a72-246-53-9.deploy.akamaitechnologies.com  , 1
media.intermundomedia.com  , 1
cds142.sea9.msecn.net  , 1
n-prd-ads01-adcom-ntc.evip.aol.com  , 1
5-198-94-81.rackcentre.redstation.net.uk  , 1
server-54-230-136-112.lax1.r.cloudfront.net  , 1
ec2-23-23-253-122.compute-1.amazonaws.com  , 1
a184-87-61-177.deploy.static.akamaitechnologies.com  , 1
server-54-230-136-242.lax1.r.cloudfront.net  , 1
ec2-107-20-249-37.compute-1.amazonaws.com  , 1
ec2-50-18-201-9.us-west-1.compute.amazonaws.com  , 1
a23-43-177-224.deploy.static.akamaitechnologies.com  , 1
a23-40-193-193.deploy.static.akamaitechnologies.com  , 1
gw096.lphbs.com  , 1
s3-external-1.amazonaws.com  , 1
nrt04s05-in-f15.1e100.net  , 1
50.22.194.240-static.reverse.softlayer.com  , 1
lax17s01-in-f27.1e100.net  , 1
184-236-26-56.pools.spcsdns.net  , 1
server-205-251-203-230.lax3.r.cloudfront.net  , 1
ec2-54-214-35-174.us-west-2.compute.amazonaws.com  , 1
ec2-23-23-159-245.compute-1.amazonaws.com  , 1
a743sl.avast.com  , 1
169-231-85-44.wireless.ucsb.edu  , 1
ec2-107-20-165-46.compute-1.amazonaws.com  , 1
a184-27-98-70.deploy.static.akamaitechnologies.com  , 1
50.23.159.158-static.reverse.softlayer.com  , 1
ec2-54-243-155-66.compute-1.amazonaws.com  , 1
184.172.10.74-static.reverse.softlayer.com  , 1
imap.web.de  , 1
a96-6-122-83.deploy.akamaitechnologies.com  , 1
a184-51-200-50.deploy.static.akamaitechnologies.com  , 1
135.57.165.83.dynamic.mundo-r.com  , 1
unknown  , 1
wg-in-f190.1e100.net  , 1
server-54-230-139-99.lax1.r.cloudfront.net  , 1
dfw06s32-in-f17.1e100.net  , 1
ec2-204-236-228-212.compute-1.amazonaws.com  , 1
m001596c5bd0e.phla.pa.comcast.net  , 1
198.23.64.21-static.reverse.softlayer.com  , 1
ec2-107-20-183-113.compute-1.amazonaws.com  , 1
dfw06s27-in-f2.1e100.net  , 1
server-54-230-137-33.lax1.r.cloudfront.net  , 1
bn1wns1011510.wns.windows.com  , 1
a173-222-227-120.deploy.static.akamaitechnologies.com  , 1
ec2-54-235-136-147.compute-1.amazonaws.com  , 1
lhr14s21-in-f15.1e100.net  , 1
a184-27-182-106.deploy.static.akamaitechnologies.com  , 1
server-54-230-137-43.lax1.r.cloudfront.net  , 1
mobile2.login.vip.bf1.yahoo.com  , 1
ec2-50-19-117-77.compute-1.amazonaws.com  , 1
gw024.lphbs.com  , 1
reg1.push.mobile.vip.gq1.yahoo.com  , 1
mail.leadcapsule.com  , 1
ec2-54-241-253-3.us-west-1.compute.amazonaws.com  , 1
ip1b-lb3-prd.iad.github.com  , 1
vcs-u2-star-i-myc.mail.vip.ne1.yahoo.com  , 1
webmail.sa.ucsb.edu  , 1
s3-1.amazonaws.com  , 1
nginx-vd04.mx.aol.com  , 1
ec2-54-225-72-37.compute-1.amazonaws.com  , 1
dfw06s38-in-f7.1e100.net  , 1
tide.signon.trb.com  , 1
iad23s08-in-f15.1e100.net  , 1
ec2-50-112-169-75.us-west-2.compute.amazonaws.com  , 1
ec2-23-23-252-126.compute-1.amazonaws.com  , 1
a184-27-100-230.deploy.static.akamaitechnologies.com  , 1
a96-6-98-217.deploy.akamaitechnologies.com  , 1
cds124.sea9.msecn.net  , 1
ec2-50-112-190-49.us-west-2.compute.amazonaws.com  , 1
server-54-230-136-228.lax1.r.cloudfront.net  , 1
server-54-230-87-123.lax3.r.cloudfront.net  , 1
ec2-54-245-121-247.us-west-2.compute.amazonaws.com  , 1
prtlus-com-ntc-a.evip.aol.com  , 1
bn1wns1011506.wns.windows.com  , 1
pclick.data.vip.bf1.yahoo.com  , 1
ec2-107-20-228-64.compute-1.amazonaws.com  , 1
ec2-54-225-195-123.compute-1.amazonaws.com  , 1
ec2-23-23-143-63.compute-1.amazonaws.com  , 1
fa-in-f190.1e100.net  , 1
mrs02s05-in-f15.1e100.net  , 1
a184-87-171-240.deploy.static.akamaitechnologies.com  , 1
ec2-23-23-159-81.compute-1.amazonaws.com  , 1
ec2-23-23-135-37.compute-1.amazonaws.com  , 1
ec2-107-20-249-243.compute-1.amazonaws.com  , 1
host-36.alipay.com  , 1
dfw06s27-in-f14.1e100.net  , 1
ec2-184-73-241-184.compute-1.amazonaws.com  , 1
lhr08s02-in-f15.1e100.net  , 1
ec2-23-21-52-220.compute-1.amazonaws.com  , 1
gw067.lphbs.com  , 1
dedi.somewhereinsa.com  , 1
s3-us-west-2-w.amazonaws.com  , 1
sites.oist.ucsb.edu  , 1
a184-50-8-124.deploy.static.akamaitechnologies.com  , 1
ec2-54-235-103-81.compute-1.amazonaws.com  , 1
grid1.edge-fo.chi2.verisign.com  , 1
ec2-54-225-207-125.compute-1.amazonaws.com  , 1
a69-192-133-210.deploy.akamaitechnologies.com  , 1
l1.login.vip.ne1.yahoo.com  , 1
service-st11-b.gc.apple.com  , 1
ec2-54-243-160-153.compute-1.amazonaws.com  , 1
ec2-23-23-157-131.compute-1.amazonaws.com  , 1
m504236d0.tmodns.net  , 1
server-54-230-138-156.lax1.r.cloudfront.net  , 1
ec2-54-243-250-112.compute-1.amazonaws.com  , 1
d-sjc2.turn.com  , 1
ec2-50-19-94-3.compute-1.amazonaws.com  , 1
a184-87-171-24.deploy.static.akamaitechnologies.com  , 1
wg-in-f120.1e100.net  , 1
server-54-230-137-68.lax1.r.cloudfront.net  , 1
home.mcafee.com  , 1
mpr2.ngd.vip.ne1.yahoo.com  , 1
bn1wns1011814.wns.windows.com  , 1
a184-50-27-129.deploy.static.akamaitechnologies.com  , 1
ec2-54-225-129-237.compute-1.amazonaws.com  , 1
mail.softomate.net  , 1
ec2-54-247-66-75.eu-west-1.compute.amazonaws.com  , 1
dfw06s38-in-f12.1e100.net  , 1
ec2-107-22-196-83.compute-1.amazonaws.com  , 1
173.192.82.184-static.reverse.softlayer.com  , 1
ec2-107-21-97-117.compute-1.amazonaws.com  , 1
float.572.bm-impbus.prod.lax1.adnexus.net  , 1
ec2-54-247-64-3.eu-west-1.compute.amazonaws.com  , 1
lax04s09-in-f15.1e100.net  , 1
msnbot-65-55-55-235.search.msn.com  , 1
cprodmasx1.att.com  , 1
gw039.lphbs.com  , 1
host-74-120-180-42.shopping.com  , 1
21.202.170.108.bc.googleusercontent.com  , 1
a173-223-232-152.deploy.static.akamaitechnologies.com  , 1
edge-star-shv-03-lax1.facebook.com  , 1
www2.iusd.org  , 1
a184-85-226-161.deploy.static.akamaitechnologies.com  , 1
edge-star-shv-03-prn2.facebook.com  , 1
ntt-6.lastpass.com  , 1
ec2-107-21-129-156.compute-1.amazonaws.com  , 1
a184-87-57-8.deploy.static.akamaitechnologies.com  , 1
ec2-54-225-209-193.compute-1.amazonaws.com  , 1
169-231-92-160.wireless.ucsb.edu  , 1
ec2-184-73-212-237.compute-1.amazonaws.com  , 1
