*.apple.com,7917
*.youtube.com,5457
*.ucsb.edu,5372
*.google.com,4488
*.doubleclick.net,4057
*.yimg.com,3956
*.ytimg.com,3811
*.google-analytics.com,3265
*.scorecardresearch.com,3222
*.instagram.com,3184
*.dropbox.com,2749
*.wikimedia.org,2703
*.baidu.com,2202
*.nflximg.net,1964
*.yahoo.com,1863
*.tumblr.com,1502
*.twitter.com,1472
*.adnxs.com,1454
*.facebook.com,1374
*..cloudfront.net,1319
*.espncdn.com,1220
*.images-amazon.com,1198
*.wolframalpha.com,1144
*.renren.com,1112
*.pandora.com,1055
*.googlesyndication.com,1047
*.gstatic.com,980
*.xnimg.cn,866
*.2mdn.net,855
*.yieldmanager.com,833
*.quantserve.com,818
*.blick.ch,788
*.buzzfeed.com,767
*.norton.com,765
*.betrad.com,755
*.wileyplus.com,744
*.thawte.com,739
*.redditmedia.com,734
*.naver.net,729
*.naver.com,726
*.amazonaws.com,718
*.bing.com,703
*.microsoft.com,686
*.dsmpw.net,655
*.qq.com,654
*.googlevideo.com,653
*.huluim.com,642
*.namequery.com,625
*.chartbeat.net,623
*.ratemyprofessors.com,614
*.weather.com,608
*.avast.com,560
*.buzzfed.com,559
*.windowsupdate.com,555
*.revolveclothing.com,543
*.serebii.net,541
*.go.com,537
*.truste.com,527
*.adobe.com,526
*.nordstromimage.com,517
*.livetvstatic.ru,514
*.msftncsi.com,514
*.cdn-apple.com,504
*.verisign.com,498
*.sogou.com,493
*.sfdict.com,486
*.toursforfun.com,474
*.webovernet.com,471
*.openx.net,442
*.hulu.com,433
*.imrworldwide.com,427
*.allthingsd.com,406
*.amazon.com,400
*.cheggcdn.com,399
*.uplynk.com,388
*.taobaocdn.com,387
*.adsafeprotected.com,386
*.adap.tv,383
*.mocospace.com,378
*.ooyala.com,373
*.thedailybeast.com,369
*.163.com,364
*.fbcdn.net,363
*.saplinglearning.com,353
*.chegg.com,351
*.moatads.com,348
*.shopify.com,347
*.atdmt.com,339
*.360.cn,320
*.mathtag.com,320
*.doubleverify.com,317
*.collective-media.net,312
*.eset.com,310
*.rubiconproject.com,309
*.forever21.com,307
*.weibo.com,305
*.serving-sys.com,302
*.wp.com,299
*.proquest.com,298
*.mhcentro.com,295
*.pinimg.com,289
*.wordpress.com,288
*.addthis.com,286
*.dealmoon.com,284
*.usmagazine.com,283
*.vg.no,270
*.sinaimg.cn,268
*.edgesuite.net,267
*.20min.ch,266
*.ijinshan.com,264
*.msn.com,258
*.turner.com,258
*.daumcdn.net,257
*.telemetryverification.net,254
*.bluekai.com,251
*.advertising.com,251
*.coursehero.com,248
*.gosugamers.net,246
*.bestbuy.com,240
*.vindicosuite.com,237
*.facebook.net,236
*.imgur.com,234
*.pinterest.com,233
*.msw.ms,233
*.sophosxl.net,232
*.amtrak.com,232
*.aleks.com,231
*.disqus.com,231
*.360safe.com,230
*.akamaihd.net,230
*.s-msn.com,229
*.vgc.no,228
*.wikipedia.org,228
*.merriam-webster.com,226
*.ajax.googleapis.com,226
*.googleadservices.com,225
*.masteringphysics.com,225
*.andomedia.com,223
*.sbnation.com,219
*.gtimg.com,215
*.fwmrm.net,214
*.cbsistatic.com,214
*.mookie1.com,214
*.davidbyrne.com,213
*.gtimg.cn,212
*.reddit.com,209
*.casalemedia.com,205
*.edhat.com,203
*.optimizely.com,201
*.tribalfusion.com,200
*.turn.com,198
*.yelpcdn.com,196
*.adzerk.net,195
*.tritondigital.com,194
*.geotrust.com,194
*.sharethis.com,193
*.craigslist.org,191
*.lijit.com,186
*.voicefive.com,186
*.adtechus.com,184
*.gravatar.com,183
*.pbs.org,182
*.supercell.net,182
*.hao123img.com,181
*.aolcdn.com,179
*.newrelic.com,177
*.mzstatic.com,174
*.staticflickr.com,174
*.5min.com,173
*.yahooapis.com,172
*.metacritic.com,170
*.googleusercontent.com,169
*.bestfriendspetcare.com,169
*.wwnorton.com,166
*.harpercollinschildrens.com,166
*.independent.co.uk,165
*.smogon.com,164
*.richmetrics.com,164
*.adroll.com,163
*.digicert.com,163
*.quizlet.com,162
*.wikia.com,158
*.exelator.com,157
*.case-mate.com,155
*.youdao.com,153
*.bbci.co.uk,153
*.xbox.com,152
*.kaspersky.com,150
*.careerforum.net,148
*.trafficmanager.net,148
*.bdstatic.com,147
*.cjay92.com,146
*.eonline.com,146
*.backcountry.com,145
*.tobaccobody.fi,144
*.grabnetworks.com,144
*.symantecliveupdate.com,144
*.demdex.net,141
*.purebredbreeders.com,140
*.livefyre.com,140
*.tanx.com,140
*.mlb.com,137
*.tobi.com,135
*.imgix.net,135
*.foxsports.com,134
*.fonts.googleapis.com,133
*.dailynexus.com,133
*.express.com,133
*.static-economist.com,133
*.contextweb.com,132
*.bbystatic.com,132
*.disquscdn.com,131
*.peopleschoice.com,131
*.springer.com,130
*.nflximg.com,130
*.ups.com,129
*.googletagservices.com,129
*.rrimg.com,127
*.vodly.to,127
*.votigo.com,127
*.grindtv.com,125
*.sohu.com,125
*.answcdn.com,125
*.srvoverlay.com,123
*.youku.com,122
*.nocookie.net,121
*.ifengimg.com,121
*.itools.info,120
*.arstechnica.net,119
*.nytimes.com,118
*.blackberry.com,118
*.expedia.com,118
*.interclick.com,118
*.bdimg.com,118
*.eiu.com,117
*.pubmatic.com,117
*.wsj.net,117
*.xunlei.com,115
*.globalstudentembassy.org,115
*.bazaarvoice.com,114
*.alicdn.com,114
*.brightcove.com,114
*.chango.com,113
*.tvreport.co.kr,113
*.easybib.com,112
*.wsj.com,112
*.blogcdn.com,111
*.aol.com,110
*.safemovedm.com,109
*.hypable.com,108
*.nbcnews.com,107
*.trivago.com,106
*.theredlist.fr,106
*.smugmug.com,106
*.ru4.com,106
*.amazon-adsystem.com,105
*.fyre.co,105
*.sitescout.com,104
*.rackcdn.com,104
*.hao123.com,103
*.ec-store.net,102
*.vhlcentral.com,101
*.redditstatic.com,101
*.tbcdn.cn,101
*.twimg.com,99
*.bbc.co.uk,98
*.crwdcntrl.net,98
*.wanelo.com,97
*.t-mobile.com,96
*.slickdealscdn.com,95
*.vidible.tv,95
*.atwola.com,94
*.att.com,93
*.expressiveartssandiego.com,92
*.127.net,91
*.sephora.com,91
*.moonmagazine.org,91
*.visualdna.com,91
*.duba.net,91
*.mypearson.com,91
*.sagepub.com,90
*.ebsco-content.com,90
*.moderndogmagazine.com,90
*.2o7.net,90
*.huanqiu.com,90
*.criteo.com,90
*.wildtangent.com,90
*.wired.com,89
*.w55c.net,89
*.krxd.net,89
*.friendshipcentersb.org,89
*.surfermag.com,89
*.glam.com,89
*.mirror.co.uk,88
*.sonymobile.com,88
*.incommon.org,88
*.tonicsb.com,87
*.quickanddirtytips.com,86
*.mla.org,86
*.boredpanda.org,86
*.wiley.com,86
*.conduit.com,85
*.latimes.com,85
*.dagbladet.no,85
*.cisurfboards.com,84
*.wizards.com,84
*.metmuseum.org,83
*.dotomi.com,83
*.qlogo.cn,83
*.bstk.co,83
*.tubemogul.com,82
*.cosmopolitan.com,82
*.nrk.no,82
*.adtech.de,82
*.media-imdb.com,82
*.images-apmex.com,82
*.kuwan.cc,82
*.linkedin.com,81
*.surfline.com,81
*.mcgraw-hill.com,81
*.askmehelpdesk.com,81
*.sbadventureco.com,81
*.columbia.edu,81
*.ykimg.com,81
*..blogspot.com,81
*.flurry.com,81
*.fastclick.net,81
*.tout.com,81
*.edmtunes.com,80
*.btrll.com,80
*.communitycollaborations.org,80
*.abebooks.com,79
*.hp.com,79
*.nexac.com,79
*.yieldmanager.net,79
*.nflcdn.com,78
*.oxfordbibliographies.com,78
*.akc.org,77
*.appleiphonecell.com,77
*.arsenal.com,77
*.forbesimg.com,77
*.thebrighttag.com,77
*.pointroll.com,77
*.sndkorea.co.kr,77
*.firefoxchina.cn,76
*.ink361.com,76
*.etoday.co.kr,76
*.typekit.net,76
*.rlcdn.com,76
*.cbsi.com,76
*.gigya.com,75
*.alfa.com,75
*.questionpoint.org,75
*.9gag.com,74
*.moussy.ne.jp,74
*.questionmarket.com,73
*.crackedcdn.com,73
*.media.net,73
*.conviva.com,72
*.blogger.com,72
*.tutorsonnet.com,72
*.funshion.com,72
*.itc.cn,71
*.chartbeat.com,71
*.symassets.com,70
*.tripadvisor.com,70
*.cnbc.com,69
*.e2ma.net,69
*.tqn.com,69
*.pengyou.com,69
*.rrfmn.com,69
*.specificclick.net,68
*.studyblue.com,68
*.intellitxt.com,68
*.bbcimg.co.uk,68
*.beanstock.co,67
*.pubgears.com,67
*.moma.org,67
*.licdn.com,67
*.thinkdifferent.us,67
*.invitemedia.com,66
*.newsinc.com,66
*.macx.cn,65
*.ifeng.com,65
*.worldnow.com,65
*.openxenterprise.com,65
*.xnpic.com,65
*.thesaurus.com,65
*.borenawards.org,65
*.adsrvr.org,65
*.tinypic.com,64
*.sinajs.cn,64
*.taobao.com,64
*.ebscohost.com,64
*.providesupport.com,64
*.legolas-media.com,64
*.spotxchange.com,64
*.ntnu.no,64
*.bidswitch.net,63
*.whstatic.com,63
*.footprint.net,63
*.charter.com,63
*.daum.net,62
*.granadasb.org,62
*.nordstrom.com,62
*.cctvpic.com,61
*.mnginteractive.com,61
*.airport.us,61
*.usertrust.com,61
*.entrust.net,61
*.filenuke.com,61
*.cncrk.com,61
*.boredpanda.com,60
*.godaddy.com,60
*.flite.com,60
*.afr.com,60
*.abc.com,60
*.espnfc.com,59
*.symantec.com,59
*.adadvisor.net,59
*.liveperson.net,59
*.vimeocdn.com,58
*.pearsonmylabandmastering.com,58
*.grab-media.com,58
*.wolframcdn.com,58
*.aotrip.net,58
*.cdn-surfline.com,57
*.realmedia.com,57
*.starbucks.com,57
*.oncampusweb.com,56
*.innovid.com,56
*.kindledrmremoval.net,55
*.specificmedia.com,55
*.huffpost.com,55
*.ingenial.com,55
*.tynt.com,55
*.2pcdn.com,54
*.imadrep.co.kr,54
*.writingwrocks.com,54
*.noisetrade.com,54
*.monetate.net,54
*.yimg.jp,54
*.romwe.com,53
*.liverail.com,53
*.pinger.com,53
*.hoto.cn,53
*.mspaintadventures.com,52
*.bing.net,52
*.engadget.com,52
*.agkn.com,52
*.flashtalking.com,52
*.120askimages.com,52
*.adform.net,51
*.poemhunter.com,51
*.hautelook.com,51
*.tidaltv.com,51
*.goal.com,51
*.theoi.com,51
*.rfihub.com,51
*.outbrain.com,50
*.urvenue.com,50
*.yelp.com,49
*.auditude.com,49
*.csrwire.com,49
*.zassets.com,49
*.upenn.edu,49
*.ucla.edu,49
*.redfin.com,49
*.ebaystatic.com,48
*.llnwd.net,48
*.edublogs.org,48
*.policymic.com,48
*.veiledvoices.com,48
*.setadc.org,48
*.proofwiki.org,48
*.dilcdn.com,48
*.highco2-iii.org,48
*.myanimelist.net,47
*.8tracks.com,47
*.greyhound.com,47
*.taboola.com,47
*.dictionary.com,47
*.conduit-services.com,47
*.kanimg.com,47
*.goldendoodle.net,47
*.hypem.net,46
*.yahoo.co.jp,46
*.bizographics.com,46
*.scmplayer.net,46
*.evernote.com,46
*.buyvoteslikes.com,46
*.uyan.cc,46
*.last.fm,45
*.wearepowershift.org,45
*.pasadenahumane.org,45
*.pchome.net,45
*.timeanddate.com,44
*.qiniudn.com,44
*.vivas.fi,44
*.storify.com,44
*.adscope.co.kr,44
*.adblade.com,44
*.po.st,43
*.wsws.org,43
*.undertone.com,43
*.datpiff.com,43
*.revsci.net,43
*.ibook.info,43
*.massrelevance.com,42
*.yahoo.net,42
*.skype.com,42
*.songza.com,42
*.wacowla.com,42
*.nasdaq.com,41
*.sparknotes.com,41
*.refinery29.com,41
*.themetapicture.com,41
*.mediaplex.com,41
*.sva.edu,41
*.lvme.me,41
*.santabarbaramatchmaking.com,41
*.ucsbstuff.com,41
*.wyzmob.com,41
*.pearsoncmg.com,40
*.foxnews.com,40
*.netflix.com,40
*.fetchback.com,40
*.audioscrobbler.com,40
*.snapchatusers.com,40
*.media6degrees.com,40
*.yldmgrimg.net,39
*.live.com,39
*.the-digital-reader.com,39
*.csun.edu,39
*.continent8.com,39
*.driverupdate.net,39
*.woopra.com,38
*.xboxlive.com,38
*.bibme.org,38
*.nsw.gov.au,38
*.nbc.com,38
*.stackoverflow.com,38
*.avclub.com,38
*.screenrant.com,37
*.utah3d.net,37
*.vocabulary.co.il,37
*.sbcc.edu,37
*.lccc.edu,37
*.qiushibaike.com,37
*.encyclo.nl,37
*.ch131.so,37
*.amung.us,37
*.mercurynews.com,37
*.thebodyshop-usa.com,37
*.superfish.com,37
*.attccc.com,37
*.symboldictionary.net,36
*.domdex.com,36
*.yandex.ru,36
*.dolphin-browser.com,36
*.vimeo.com,36
*.grouponcdn.com,36
*.poets.org,36
*.tiqcdn.com,36
*.mangahit.com,36
*.kallbinauralaudio.com,36
*.zedo.com,36
*.cliffsnotes.com,36
*.bytes.com,36
*.youtube-nocookie.com,36
*.hearstmags.com,35
*.sony.com,35
*.mtgsalvation.com,35
*.antranik.org,35
*.imore.com,35
*.tellapart.com,35
*.vine.co,35
*.247realmedia.com,35
*.viglink.com,35
*.stumbleupon.com,35
*.iciba.com,35
*.p-td.com,35
*.ask.com,35
*.static-ecollege.com,35
*.comm100.com,34
*.ushrtrip.com,34
*.800cdn.com,34
*.simpli.fi,34
*.geekchart.net,34
*.uoguelph.ca,34
*.rtbidder.net,34
*.owneriq.net,34
*.bleacherreport.net,34
*.vizu.com,34
*.gumgum.com,34
*.veritasprep.com,34
*.wyzant.com,34
*.masteringchemistry.com,34
*.mozilla.net,34
*.alibaba.com,33
*.insightexpressai.com,33
*.bulbagarden.net,33
*.tfd.com,33
*.nzz.ch,33
*.performgroup.com,33
*.18dao.net,33
*.subitup.com,33
*.unix.com,33
*.bitly.com,33
*.americanapparel.net,33
*.majornelson.com,33
*.arstechnica.com,33
*.parsely.com,32
*.leagueoflegends.com,32
*.btstatic.com,32
*.accu-weather.com,32
*.comodoca.com,32
*.afy11.net,32
*.hardgraft.com,32
*.slidesharecdn.com,32
*.duowan.com,32
*.bshare.cn,31
*.martiniadnetwork.com,31
*.riskified.com,31
*.blogblog.com,31
*.ask.fm,31
*.mediav.com,31
*.baidustatic.com,31
*.willakveta.com,31
*.omtrdc.net,31
*.mbamupdates.com,31
*.mmstat.com,31
*.beaffiliates.com,31
*.ning.com,30
*.wtp101.com,30
*.nba.com,30
*.daylightmap.com,30
*.google.com.hk,30
*.tacdn.com,30
*.saymedia.com,30
*.maxymiser.net,30
*.cntv.cn,30
*.fbridgecdn.net,30
*.round32.com,30
*.about.com,30
*.cnzz.com,30
*.sina.com.cn,29
*.qhimg.com,29
*.burstnet.com,29
*.maplestage.com,29
*.fastfreeconverter.com,29
*.acxiom-online.com,29
*.findthebest.com,29
*.mixpanel.com,29
*.checkm8.com,29
*.livetv.ru,29
*.cdn-redfin.com,29
*.youknowbest.com,29
*.coursehero.org,29
*.virbcdn.com,29
*.virginia.edu,29
*.spanishdict.com,29
*.miaozhen.com,28
*.bcbits.com,28
*.purdue.edu,28
*.ebook-converter.com,28
*.idqqimg.com,28
*.advg.jp,28
*.inad.co,28
*.giltcdn.com,28
*.npr.org,28
*.julep.com,28
*.wemfbox.ch,28
*.dmtry.com,28
*.p-cdn.com,28
*.getclicky.com,28
*.mlnadvertising.com,28
*.sprinklr.com,27
*.forbes.com,27
*.statcounter.com,27
*.mail.ru,27
*.gossiponthis.com,27
*.mathworks.com,27
*.sharethrough.com,27
*.admaster.com.cn,27
*.mxptint.net,27
*.springboardplatform.com,27
*.uservoice.com,27
*.channelintelligence.com,27
*.webtrekk.net,27
*.fastestjs.info,27
*.bkrtx.com,27
*.pro-market.net,27
*.jhu.edu,27
*.digitaltrends.com,27
*.ggpht.com,26
*.steelhousemedia.com,26
*.syndetics.com,26
*.buy2046.com,26
*.mit.edu,26
*.nobelprize.org,26
*.ydstatic.com,26
*.tellaparts.com,26
*.theslideprojector.com,26
*.umich.edu,26
*.pulsemgr.com,25
*.idiap.ch,25
*.soundcloud.com,25
*.flickr.com,25
*.appbrain.com,25
*.economist.com,25
*.komoona.com,25
*.bluekangaroo.com,25
*.tgbusdata.cn,25
*.bunchball.net,24
*.3g.cn,24
*.visualrevenue.com,24
*.dlqm.net,24
*.musicnet.com,24
*.att-mail.com,24
*.lizardpoint.com,24
*.fmsads.com,24
*.kmi-us.com,24
*.ucr.edu,24
*.dodgersnation.com,24
*.dvtps.com,23
*.vk.com,23
*.bang5mai.com,23
*.jambocast.com,23
*.zenfs.com,23
*.connexity.net,23
*.aliimg.com,23
*.vk.me,23
*.photorank.me,23
*.dogbreedinfo.com,23
*.richrelevance.com,23
*.shoefitr.com,23
*.contextly.com,23
*.harpercollins.com,23
*.100layercake.com,23
*.pga.com,23
*.ncalculators.com,22
*.telemetrytaxonomy.net,22
*.free-tv-video-online.me,22
*.dianxinos.com,22
*.breeders.net,22
*.python.org,22
*.winzip.com,22
*.madadsmedia.com,22
*.17ft.com,22
*.nbcuni.com,22
*.beanstock.com,22
*.meetrics.net,22
*.putlocker.ws,22
*.ahnlab.com,22
*.leaperrins.com,22
*.33across.com,21
*.nflxext.com,21
*.thinkquest.org,21
*.mhhe.com,21
*.pizzamyheart.com,21
*.conduit-data.com,21
*.hubspot.com,21
*.qpic.cn,21
*.googlecommerce.com,21
*.audienceiq.com,21
*.ku6.com,21
*.247inc.net,21
*.zenoviaexchange.com,21
*.jivox.com,21
*.testmasters.net,21
*.travelaway.me,21
*.physicsclassroom.com,21
*.springshare.com,21
*.fooducate.com,21
*.brcdn.com,21
*.goforandroid.com,21
*.trbimg.com,21
*.sensic.net,20
*.iheart.com,20
*.fmpub.net,20
*.crowdscience.com,20
*.cnevids.com,20
*.crsspxl.com,20
*.wikimediafoundation.org,20
*.glammedia.com,20
*.m2pub.com,20
*.2p.com,20
*.mefeedia.com,20
*.autocompleteplus.com,20
*.tumri.net,20
*.net-mine.com,20
*.buysellads.com,20
*.wishabi.com,20
*.adotube.com,20
*.msecnd.net,20
*.artnet.com,20
*.eqads.com,20
*.everything2.com,19
*.funzio.com,19
*.dmcdn.net,19
*.guardianapis.com,19
*.kekenet.com,19
*.c-col.com,19
*.nrcdn.com,19
*.costumediscounters.com,19
*.gravity.com,19
*.embed.ly,19
*.ststat.com,19
*.photobucket.com,19
*.nike.com,19
*.worldcat.org,19
*.mywot.com,19
*.sbmtd.gov,19
*.imdb.com,19
*.admeld.com,19
*.iheartradio.com,19
*.nrelate.com,19
*.netmng.com,19
*.nav-links.com,19
*.nastygal.com,19
*.slrlounge.com,18
*.exponential.com,18
*.interworksmedia.co.kr,18
*.sosmath.com,18
*.reference.com,18
*.watchseries.lt,18
*.pandonetworks.com,18
*.theihs.org,18
*.bluelithium.com,18
*.assoc-amazon.com,18
*.abmr.net,18
*.mtvnservices.com,18
*.criteo.net,18
*.boingboing.net,18
*.narutoget.com,18
*.res-x.com,18
*.everesttech.net,18
*.acuityplatform.com,18
*.g-fox.cn,18
*.performersoft.com,18
*.soku.com,18
*.tns-cs.net,18
*.answers.com,18
*.topspin.net,18
*.jtvnw.net,18
*.webtrendslive.com,18
*.tinyurl.com,18
*.120ask.com,18
*.mt1.googleapis.com,18
*.cracked.com,17
*.information.dk,17
*.nosvideo.com,17
*.uuuploads.com,17
*.peer39.net,17
*.grvcdn.com,17
*.maps.googleapis.com,17
*.nfl.com,17
*.att.net,17
*.totallylayouts.com,17
*.accuweather.com,17
*.cmcore.com,17
*.chtah.com,17
*.sandai.net,17
*.sophosupd.com,17
*.mopub.com,17
*.gamefaqs.com,17
*.crowdignite.com,17
*.linkoffers.net,17
*.sharexy.com,17
*.emediate.eu,17
*.liveclicker.net,17
*.bbc.com,17
*.ensighten.com,16
*.gr-assets.com,16
*.uadx.com,16
*.jetpackdigital.com,16
*.umassalumni.com,16
*.tapad.com,16
*.princeton.edu,16
*.secureserver.net,16
*.mailchimp.com,16
*.tunewiki.com,16
*.haodou.com,16
*.mtvu.com,16
*.notablebiographies.com,16
*.zergnet.com,16
*.tentaculos.net,16
*.effectivemeasure.net,16
*.snapwidget.com,16
*.thewheelof.com,16
*.menshealth.com,16
*.mathhelpforum.com,16
*.funsted.com,16
*.perfectmarket.com,16
*.purplemath.com,16
*.ibangkf.com,15
*.skimresources.com,15
*.filmjournal.com,15
*.sonobi.com,15
*.bonzaii.no,15
*.amgdgt.com,15
*.globalsign.com,15
*.choicestream.com,15
*.iisd.ca,15
*.typekit.com,15
*.adsonar.com,15
*.utop.it,15
*.monster.com,15
*.shopping.com,15
*.displaymarketplace.com,14
*.acm.org,14
*.remnantize.com,14
*.tlvmedia.com,14
*.lotoflaughters.com,14
*.echoenabled.com,14
*.freehostedscripts.net,14
*.image2play.com,14
*.bleacherreport.com,14
*.aliunicorn.com,14
*.encyclo.co.uk,14
*.wistia.com,14
*.list-manage.com,14
*.jquery.com,14
*.putlocker.com,14
*.go-mpulse.net,14
*.telemetryaudit.com,14
*.macrumors.com,14
*.icast.cn,14
*.ucdavis.edu,14
*.sitemeter.com,14
*.medianewsgroup.com,13
*.yontoo.com,13
*.yardbarker.com,13
*.yabla.com,13
*.mauinow.com,13
*.gree-apps.net,13
*.dl-rms.com,13
*.cbsimg.net,13
*.adobetag.com,13
*.poly.edu,13
*.cnet.com,13
*.breakingburner.com,13
*.pingdom.net,13
*.salesresourcepartners.com,13
*.slideshare.net,13
*.jumptap.com,13
*.rmmads.com,13
*.sony.net,13
*.ifactory.com,13
*.omniroot.com,13
*.1001tracklists.com,13
*.pixxur.com,13
*.netflame.cc,13
*.rapidtables.com,13
*.apnstatic.com,13
*.twitch.tv,13
*.citrix.com,13
*.youtu.be,13
*.gentags.net,13
*.nbcudigitaladops.com,13
*.raasnet.com,13
*.programmingsimplified.com,13
*.dedicatedmedia.com,13
*.ceipmsn.com,12
*.aliexpress.com,12
*.daniweb.com,12
*.uregina.ca,12
*.flashcardmachine.com,12
*.liebao.cn,12
*.apple.com.cn,12
*.mtvnimages.com,12
*.soccatucla.com,12
*.ucsd.edu,12
*.theplatform.com,12
*.wisenut.co.kr,12
*.listentoyoutube.com,12
*.zoosnet.net,12
*.hypem.com,12
*.mangapanda.com,12
*.hscdn.com,12
*.clicktale.net,12
*.cxense.com,12
*.realvu.net,12
*.howcast.com,12
*.tv2n.net,12
*.oovoo.com,12
*.rambler.ru,12
*.expediamail.com,12
*.miniaturegoldenretriever.net,12
*.veruta.com,12
*.txtsrving.info,12
*.webelements.com,12
*.cloudapp.net,12
*.yadro.ru,12
*.mt0.googleapis.com,12
*.wsod.com,12
*.360yield.com,11
*.brilig.com,11
*.7821k.com,11
*.apsalar.com,11
*.windows.net,11
*.golfstat.com,11
*.ethanhein.com,11
*.wallstreetoasis.com,11
*.dmtracker.com,11
*.addthisedge.com,11
*.gwallet.com,11
*.triggit.com,11
*.xiaomi.net,11
*.lucidmedia.com,11
*.medialytics.com,11
*.fanbridge.com,11
*.diffen.com,11
*.ggkthx.org,11
*.npario-inc.net,11
*.slickdeals.net,11
*.screencast.com,11
*.derivative-calculator.net,11
*.ucsbgauchos.com,11
*.taboolasyndication.com,11
*.visualthesaurus.com,11
*.pricegong.com,11
*.funshion.net,11
*.spotify.com,11
*.aspnetcdn.com,11
*.ad-sys.com,11
*.userapi.com,11
*.ancient-egypt.org,11
*.91.com,11
*.intergi.com,11
*.vanityfair.com,11
*.mtv.com,11
*.wikia-beacon.com,11
*.nate.com,11
*.livememe.com,11
*.bankofamerica.com,11
*.apmex.com,11
*.akamai.net,11
*.tugalive.org,10
*.playwire.com,10
*.ad-ya.net,10
*.ukcast.tv,10
*.xiti.com,10
*.20min-tv.ch,10
*.marinsm.com,10
*.bidsystem.com,10
*.phjy.com,10
*.reson8.com,10
*.coremetrics.com,10
*.shareth.ru,10
*.gdatasecurity.de,10
*.threadless.com,10
*.webfail.com,10
*.hypebeast.com,10
*.storenvy.com,10
*.abita.co.kr,10
*.adformdsp.net,10
*.ebay.com,10
*.fidelityinvestments.com,10
*.travelpn.com,10
*.jwpcdn.com,10
*.hawaiinewsnow.com,10
*.uefa.com,10
*.wxug.com,10
*.wikihow.com,10
*.ibtimes.com,10
*.anselm.edu,10
*.bookmetro.com,10
*.mathsisfun.com,10
*.jwpltx.com,10
*.api.no,10
*.livechatinc.com,10
*.glassdoor.com,10
*.mobilenations.com,10
*.sociomantic.com,9
*.admailtiser.com,9
*.rfihub.net,9
*.zdnet.com.cn,9
*.vlingo.com,9
*.studio360.org,9
*.netseer.com,9
*.fimserve.com,9
*.asanet.org,9
*.netease.com,9
*.allw.mn,9
*.bit.ly,9
*.destinationthere.com,9
*.stanford.edu,9
*.cxt.ms,9
*.mp3juices.com,9
*.socialamp.com,9
*.cram.com,9
*.mathads.com,9
*.comodoca2.com,9
*.netshelter.net,9
*.dolimg.com,9
*.51cto.com,9
*.aunticles.com,9
*.xiaonei.com,9
*.royalvids.eu,9
*.baroque.org,9
*.dwstatic.com,9
*.joindota.com,9
*.adshostnet.com,9
*.avg.com,9
*.needle.com,9
*.tlm100.net,9
*.cquotient.com,9
*.adgrx.com,9
*.servedbyy.com,9
*.mmcdn.cn,8
*.lst.fm,8
*.scene7.com,8
*.yumenetworks.com,8
*.smarterfox.com,8
*.comodoca3.com,8
*.upworthy.com,8
*.infolinks.com,8
*.cplusplus.com,8
*.baynote.net,8
*.admob.com,8
*.chitika.net,8
*.heinzcookbook.com,8
*.alumniconnections.com,8
*.clipconverter.cc,8
*.hiroservers.appspot.com,8
*.nanigans.com,8
*.stackexchange.com,8
*.ujian.cc,8
*.jump-time.net,8
*.alimama.cn,8
*.grooveshark.com,8
*.inside-r.org,8
*.urbanoutfitters.com,8
*.usualmedia.com,8
*.scdn.co,8
*.optmd.com,8
*.sport.ch,8
*.edgecastcdn.net,8
*.ypcdn.com,8
*.mymodernmet.com,8
*.adk2.co,8
*.brand.net,8
*.kinja.com,8
*.quia.com,8
*.alyac.co.kr,8
*.allwomenstalk.com,8
*.kankan.com,8
*.jos.org.cn,8
*.addthiscdn.com,8
*.gorillanation.com,8
*.pronto.com,8
*.hollisterco.com,8
*.nimbuzz.com,8
*.googletagmanager.com,7
*.facdn.com,7
*.drlue.tk,7
*.infopop.cc,7
*.spiritofbaraka.com,7
*.blogsmithmedia.com,7
*.adinterax.com,7
*.skihomewood.com,7
*.feedburner.com,7
*.goodreads.com,7
*.longtailvideo.com,7
*.scastnet.com,7
*.bounceexchange.com,7
*.alipay.com,7
*.discointer.com,7
*.umass.edu,7
*.gamefaqs.net,7
*.securestudies.com,7
*.jimpryor.net,7
*.tacoda.net,7
*.punchbox.org,7
*.businessinsider.com,7
*.talk.to,7
*.155.com,7
*.hostjs.net,7
*.entertainmentscene360.com,7
*.cbsi.com.cn,7
*.convertro.com,7
*.adcrm.co.kr,7
*.mst.edu,7
*.yahoomail.com,7
*.apmebf.com,7
*.beatport.com,7
*.metropcs.mobi,7
*.psbin.com,7
*.12mlbe.com,7
*.inpwrd.com,7
*.careerbuilder.com,7
*.tapcdn.com,7
*.tenouk.com,7
*.q1media.com,7
*.mktoresp.com,7
*.elenamiska.com,7
*.fonts.com,7
*.blatbrun.com,7
*.edgekey.net,7
*.maybelline.com,7
*.audienceamplify.com,7
*.pliing.com,7
*.cctv.com,7
*.rrurl.cn,7
*.bleedinggreennation.com,7
*.bigdoor.com,7
*.themecloud.co,7
*.untitledthemes.com,7
*.wellsfargoemail.com,7
*.exava.com,7
*.jezebel.com,7
*.ku6img.com,6
*.public-trust.com,6
*.edgefcs.net,6
*.firstlook.com,6
*.thefreedictionary.com,6
*.hiido.com,6
*.qwapi.com,6
*.tmz.com,6
*.huffingtonpost.com,6
*.pplive.com,6
*.sstatic.net,6
*.issuu.com,6
*.allyes.com,6
*.flyertown.ca,6
*.wikibooks.org,6
*.aftonbladet.se,6
*.wileyjobnetwork.com,6
*.zxq.net,6
*.videobull.com,6
*.cyworld.com,6
*.denverpost.com,6
*.google.co.uk,6
*.drphil.com,6
*.aliyun.com,6
*.mxpnl.com,6
*.riotgames.com,6
*.mozilla.org,6
*.hypeads.org,6
*.crowdynews.com,6
*.adshuffle.com,6
*.sbcountyplanning.org,6
*.adorika.com,6
*.canterbury.ac.nz,6
*.duba.com,6
*.ruinedchildhood.com,6
*.visualwebsiteoptimizer.com,6
*.wattpad.net,6
*.dusken.no,6
*.cyworld.co.kr,6
*.synacast.com,6
*.jmp9.com,6
*.zeobit.com,6
*.quickmensguide.com,6
*.fplive.net,6
*.weddingwire.com,6
*.tours4fun.com,6
*.campaign-archive2.com,6
*.eonli.ne,6
*.mpstat.us,6
*.box.net,6
*.hiro.tv,6
*.bet365affiliates.com,6
*.washington.edu,6
*.kissmetrics.com,6
*.spongecell.com,6
*.4dsply.com,6
*.elitedaily.com,6
*.dfile.cn,6
*.lordhuron.com,6
*.wdfiles.com,6
*.chase.com,6
*.v3lite.com,6
*.udel.edu,6
*.psu.edu,6
*.zap2it.com,6
*.start.no,6
*.hotmail.com,6
*.e-planning.net,6
*.mailshell.net,6
*.lp4.io,6
*.cr-nielsen.com,6
*.j3ui.com,6
*.ic-live.com,6
*.compete.com,6
*.cddbp.net,6
*.zillow.com,5
*.korrelate.net,5
*.twyn.com,5
*.searchmarketing.com,5
*.ancestry.com,5
*.cloudflare.com,5
*.prfct.co,5
*.campanja.com,5
*.bluehornet.com,5
*.cafemom.com,5
*.live.net,5
*.indieclick.com,5
*.stumble-upon.com,5
*.usc.edu,5
*.nowcdn.co.kr,5
*.mendeley.com,5
*.bibtip.de,5
*.lunametrics.com,5
*.nationalgeographic.com,5
*.dt07.net,5
*.comcastnets.net,5
*.53kf.com,5
*.pguy.co.uk,5
*.devroye.org,5
*.whfreeman.com,5
*.srcdn.com,5
*.hourumd.com,5
*.webrootcloudav.com,5
*.cuny.edu,5
*.videologygroup.com,5
*.mybuys.com,5
*.greencoffees-fatburn.com,5
*.pusherapp.com,5
*.in-appadvertising.com,5
*.ad4989.co.kr,5
*.mychapterroom.com,5
*.ymail.com,5
*.cargocollective.com,5
*.loggly.com,5
*.tmocce.com,5
*.intelliad.de,5
*.sina.cn,5
*.mabinogiworld.com,5
*.genieo.com,5
*.s3-cdn.net,5
*.desitvbox.com,5
*.shopperconnect.com,5
*.gauchospace.com,5
*.theprimead.co.kr,5
*.bluestacks.com,5
*.exacttarget.com,5
*.bfi0.com,5
*.weibo.cn,5
*.unpythonic.net,5
*.content.ad,5
*.dataxu.net,5
*.eyereturn.com,5
*.ufstone.com,5
*.godt.no,5
*.totalfratmove.com,5
*.oracle.com,5
*.mmondi.com,5
*.bandcamp.com,5
*.freetwittube.com,5
*.abab.com,5
*.suitesmart.com,5
*.bluecava.com,5
*.wrating.com,5
*.asosservices.com,5
*.xgo-img.com.cn,5
*.zopim.com,5
*.linksiclejs.info,5
*.olark.com,5
*.cnn.com,5
*.myfitnesspal.com,5
*.company-target.com,5
*.zimbio.com,5
*.zol.com.cn,5
*.888.com,5
*.unionli.com,5
*.ksmobile.com,5
*.effbot.org,5
*.eamobile.com,5
*.fuseservice.com,5
*.cgwv.com,5
*.provenpixel.com,5
*.redbull.com,5
*.gs-cdn.net,5
*.naver.jp,5
*.halfbakedharvest.com,5
*.whdafei.com,5
*.t.co,5
*.travelocity.com,5
*.sharedcount.com,5
*.umbel.com,5
*.staples.com,5
*.lavasoft.com,5
*.realtor.com,4
*.a9.com,4
*.mydas.mobi,4
*.teamtreehouse.com,4
*.modernpets.com,4
*.niurenw.com,4
*.beatsbydre.com,4
*.bootstrapdevelopment.com,4
*.farlex.com,4
*.b5m.com,4
*.hosteurope.de,4
*.dhspeedtest.com,4
*.pgcdn.com,4
*.rottentomatoescdn.com,4
*.vgnett.no,4
*.craveonline.com,4
*.clustrmaps.com,4
*.tweetmeme.com,4
*.dxsvr.com,4
*.bpocdn.com,4
*.magicseaweed.com,4
*.gmaps-samples-v3.googlecode.com,4
*.solocpm.com,4
*.goldengatewebsites.org,4
*.listr.io,4
*.lfstmedia.com,4
*.126.net,4
*.tidynetwork.com,4
*.octobersveryown.com,4
*.1iota.com,4
*.ufl.edu,4
*.acs86.com,4
*.zjbdt.com,4
*.iusd.org,4
*.webspectator.com,4
*.sesamestats.com,4
*.trust-provider.com,4
*.sharetv.org,4
*.urtig.net,4
*.justjared.com,4
*.financialcontent.com,4
*.footballfanatics.com,4
*.solarmovie.so,4
*.zune.net,4
*.alimama.com,4
*.ecollege.com,4
*.physicsforums.com,4
*.scout24.ch,4
*.netdna-cdn.com,4
*.displaycdn.com,4
*.staticamzn.com,4
*.constitution.org,4
*.vt.edu,4
*.clickbooth.com,4
*.foreseeresults.com,4
*.daum-img.net,4
*.sundaysky.com,4
*.tripadvisor.ca,4
*.cpxadroit.com,4
*.140proof.com,4
*.yldbt.com,4
*.formstack.com,4
*.me2day.net,4
*.cloudn.co.kr,4
*.timetoast.com,4
*.printfriendly.com,4
*.tgbus.com,4
*.wsodcdn.com,4
*.worldstarhiphop.com,4
*.noom.com,4
*.onsugar.com,4
*.chewen.com,4
*.tsinghua.edu.cn,4
*.vgtv.no,4
*.macromedia.com,4
*.channeladvisor.com,4
*.thenewsroom.com,4
*.servedbyopenx.com,4
*.flux.com,4
*.fox.com,4
*.simplereach.com,4
*.azlyrics.com,4
*.linkpulse.com,4
*.mobdub.com,4
*.duomi.com,4
*.jambovideonetwork.com,4
*.histats.com,4
*.vdna-assets.com,4
*.yytcdn.com,4
*.yahooapis.jp,4
*.move.com,4
*.unam.mx,4
*.liadm.com,4
*.ypypyp.com,4
*.lxdns.com,4
*.pacsun.com,4
*.pearsoned.com,4
*.efsharp-hosting.com,4
*.udmserve.net,4
*.zdbb.net,4
*.uku.im,3
*.m-w.com,3
*.ixiaa.com,3
*.boldchat.com,3
*.weatherbug.com,3
*.chinaw3.com,3
*.eastbay.com,3
*.magnetic.is,3
*.extreme-dm.com,3
*.aftenposten.no,3
*.adsymptotic.com,3
*.addtoany.com,3
*.sitescoutadserver.com,3
*.lexunhudong.com,3
*.dtmpub.com,3
*.resnet.com,3
*.dowjoneson.com,3
*.sbbowl.com,3
*.uom.gr,3
*.live-lyrics.com,3
*.westshore.edu,3
*.hotmal.com,3
*.bbb.org,3
*.audiencefuel.com,3
*.trillian.im,3
*.applovin.com,3
*.bindeleddet.com,3
*.citycdn.fi,3
*.independent.com,3
*.tweetriver.com,3
*.cabelas.com,3
*.doc2pdf.net,3
*.dianping.com,3
*.telegraph.co.uk,3
*.marketo.net,3
*.meteorsolutions.com,3
*.wwbmedia2.com,3
*.mlt01.com,3
*.toshiba.com,3
*.oup.com,3
*.mmnetwork.mobi,3
*.cleanprint.net,3
*.thoughtcatalog.com,3
*.realclick.co.kr,3
*.bootstrapcdn.com,3
*.arena.no,3
*.oggifinogi.com,3
*.office365.com,3
*.waltdisneyrecords.com,3
*.tippebannere.no,3
*.mashable.com,3
*.adchemy.com,3
*.rising.com.cn,3
*.eyeota.net,3
*.ntnu.edu,3
*.codecogs.com,3
*.prizeo.com,3
*.bofa.com,3
*.comcast.net,3
*.dyedu.gov.cn,3
*.hubimg.com,3
*.scanalert.com,3
*.ics0.com,3
*.maxmind.com,3
*.flipboard.com,3
*.editmysite.com,3
*.adorika.net,3
*.verticalacuity.com,3
*.directessays.com,3
*.gilt.com,3
*.soff.es,3
*.skynet-command-prod.elasticbeanstalk.com,3
*.dyntrk.com,3
*.typography.com,3
*.newscloud.or.kr,3
*.pubshare.com,3
*.soundowl.com,3
*.city-data.com,3
*.cmread.com,3
*.game-advertising-online.com,3
*.img.or.kr,3
*.couchtuner.com,3
*.wordstopages.com,3
*.youtube-mp3.org,3
*.de17a.com,3
*.atemda.com,3
*.holycross.edu,3
*.6pm.com,3
*.omnitwig.com,3
*.cbssports.com,3
*.irs01.com,3
*.match.com,3
*.infusionsoft.com,3
*.washingtonpost.com,3
*.evolvemediallc.com,3
*.twitterbuttons.com,3
*.49ers.com,3
*.linfo.org,3
*.sohu.com.cn,3
*.ca.gov,3
*.itunes.com,3
*.thechive.com,3
*.janrainbackplane.com,3
*.bloggfiler.no,3
*.ucop.edu,3
*.loginradius.com,3
*.kickass.to,3
*.theoatmeal.com,3
*.pc120.com,3
*.ipinyou.com,3
*.gmail.com,3
*.akadns.net,3
*.easy-ads.com,3
*.atpanel.com,3
*.gawkerassets.com,3
*.webtrends.com,3
*.petharbor.com,3
*.feedbackify.com,3
*.a1webstats.com,3
*.liveleaks.com,3
*.getitfree.us,3
*.neulion.com,3
*.admarvel.com,3
*.yinyuetai.com,3
*.netsolssl.com,2
*.vevo.com,2
*.marathonbet.com,2
*.buzznet.com,2
*.localytics.com,2
*.khronos.org,2
*.alcoholedu.com,2
*.feedly.com,2
*.maastrichtuniversity.nl,2
*.optimost.com,2
*.lacitycollege.edu,2
*.wqxr.org,2
*.tbjfw.com,2
*.viralnova.com,2
*.brandretailers.com,2
*.creativecommons.org,2
*.urbanog.com,2
*.pubventuresmedia.com,2
*.dict.cn,2
*.securetrust.com,2
*.theverge.com,2
*.asiaonline.com.au,2
*.akaqa.com,2
*.urbandictionary.com,2
*.trb.com,2
*.carmax.com,2
*.cnappbox.com,2
*.projectwonderful.com,2
*.youthologymedia.com,2
*.rainymood.com,2
*.1lo0.net,2
*.wunderground.com,2
*.unl.edu,2
*.intentmedia.net,2
*.potterybarn.com,2
*.grindnetworks.com,2
*.karmaloop.com,2
*.websitealive.com,2
*.heias.com,2
*.delicious.com,2
*.kakao.co.kr,2
*.ib-ibi.com.br,2
*.startssl.com,2
*.feminist.com,2
*.artvalue.com,2
*.paperblog.com,2
*.tv-series.me,2
*.hypers.com.cn,2
*.canonical.com,2
*.barnesandnoble.com,2
*.inmobi.com,2
*.landfu.com,2
*.google.co.jp,2
*.ical-import-export.googlecode.com,2
*.csbew.com,2
*.lightad.co.kr,2
*.purplemathplus.com,2
*.oryte.com,2
*.standardinteractive.com,2
*.adbutleradserver.com,2
*.algebra.com,2
*.deviantart.net,2
*.naverblogwidget.com,2
*.volluto.com,2
*.techspa.com,2
*.smartclicksystem.com,2
*.tldp.org,2
*.pagechoice.net,2
*.severeweatheralerts.net,2
*.motrixi.com,2
*.virb.com,2
*.blog.me,2
*.sona-systems.com,2
*.ubuntu.com,2
*.ramp.com,2
*.aweber.com,2
*.dsply.com,2
*.aristotelophile.com,2
*.wlxrs.com,2
*.tk.no,2
*.fetion.com.cn,2
*.huluad.com,2
*.hypster.com,2
*.100layercakelet.com,2
*.iolo.com,2
*.poco.cn,2
*.usca.edu,2
*.postcolonialweb.org,2
*.ajaxcdn.org,2
*.cramster.com,2
*.plse360.com,2
*.cogocast.net,2
*.mediaharbor.co.kr,2
*.lynda.com,2
*.fanpop.com,2
*.plapre.no,2
*.mobiletech.no,2
*.siuc.edu,2
*.timeinc.net,2
*.flagcounter.com,2
*.intentiq.com,2
*.redtram.com,2
*.travelplus.tv,2
*.skinected.com,2
*.mangahere.com,2
*.seetickets.com,2
*.mijnwoordenboek.nl,2
*.365titi.com,2
*.nbcsports.com,2
*.openvpn.net,2
*.videohub.tv,2
*.imgclck.com,2
*.quora.com,2
*.duapp.com,2
*.qihoo.com,2
*.bkstr.com,2
*.smstroud.com,2
*.conduit-hosting.com,2
*.v3webhard.com,2
*.bu.edu,2
*.cwtv.com,2
*.ajiang.net,2
*.yellowpages.com,2
*.ebayrtm.com,2
*.circularhub.com,2
*.4399.cn,2
*.mobitv.com,2
*.khanacademy.org,2
*.ss3w.com,2
*.britannica.com,2
*.aim4media.com,2
*.mountainproject.com,2
*.live-genieo-feed.com,2
*.geschenkidee.ch,2
*.mercent.com,2
*.rumanalytics.com,2
*.adrdgt.com,2
*.calvin.edu,2
*.tribune.com,2
*.adwebster.com,2
*.sockshare.com,2
*.mscimg.com,2
*.a3cloud.net,2
*.dramafever.com,2
*.cpxinteractive.com,2
*.groupon.com,2
*.rdcpix.com,2
*.acer.com,2
*.jollywallet.com,2
*.okayama-u.ac.jp,2
*.clickfuse.com,2
*.collegeconfidential.com,2
*.researchnow.com,2
*.woldww.net,2
*.starfieldtech.com,2
*.marco.org,2
*.ibario.com,2
*.tribdss.com,2
*.justin.tv,2
*.everyscreenmedia.com,2
*.kuaiwan.com,2
*.android.com,2
*.socialgrowthtechnologies.com,2
*.bahoom.com,2
*.affec.tv,2
*.ilike2learn.com,2
*.coolest-homemade-costumes.com,2
*.yayfollowers.com,2
*.rrcheck.com,2
*.trustwave.com,2
*.scribol.com,2
*.sweetpacks-search.com,2
*.countyofsb.org,2
*.spotxcdn.com,2
*.digg.com,2
*.filestore72.info,2
*.hautelookmail.com,2
*.cltrda.com,2
*.wnyc.org,2
*.orgsync.com,2
*.usps.com,2
*.reflib.org,2
*.interestsearch.net,2
*.rockyou.com,2
*.allyes.com.cn,2
*.constantcontact.com,2
*.gpsonextra.net,1
*.redplum.com,1
*.brandymelvilleusa.com,1
*.noaa.gov,1
*.toprelatedtopics.com,1
*.teacherspayteachers.com,1
*.adpredictive.com,1
*.msn.com.cn,1
*.weKRher.com,1
*.gosquared.com,1
*.dnssearch.org,1
*.itsfogo.com,1
*.census.gov,1
*.focus.cn,1
*.golfstatresults.com,1
*.schoolsapp.com,1
*.adscale.de,1
*.libguides.com,1
*.supertopo.com,1
*.e2.ma,1
*.madmimi.com,1
*.freeonlineusers.com,1
*.jayz.me,1
*.looyu.com,1
*.mysupercheap.com,1
*.adS5deprotected.com,1
*.adiply.com,1
*.poll.fm,1
*.deepdyve.com,1
*.liftdna.com,1
*.kickstarter.com,1
*.thoughtleadr.com,1
*.e24.no,1
*.recaptcha.net,1
*.mobygames.com,1
*.dreamsearch.or.kr,1
*.u7Wb.edu,1
*.video2mp3.net,1
*.6sudao.com,1
*.imageshack.us,1
*.pubsqrd.com,1
*.kugou.com,1
*.ping^chartbeat.net,1
*.dealtime.com,1
*.brandsoftheworld.com,1
*.amplitude.com,1
*.meyerweb.com,1
*.homestead.com,1
*.symplicity.com,1
*.000.org.cn,1
*.2photo.ru,1
*.myastralmediaradio.com,1
*.dyo.gs,1
*.commondatastorage.googleapis.com,1
*.shpg.org,1
*.hu.co.kr,1
*.thepiratebay.sx,1
*.thepiratebay.se,1
*.letvimg.com,1
*.preyproject.com,1
*.ipbes.net,1
*.docstoccdn.com,1
*.skyscanner.net,1
*.serranetga.com,1
*.info-collegeweeklive.com,1
*.hotnewhiphop.com,1
*.speedtest.net,1
*.burt.io,1
*.gap.com,1
*.ryanseacrest.com,1
*.viasat.com,1
*.10086.cn,1
*.feedsportal.com,1
*.eyeviewads.com,1
*.allmyvideos.net,1
*.kiosked.com,1
*.msu.edu,1
*.findthedata.org,1
*.stoodioo.com,1
*.wikidot.com,1
*.outlook.com,1
*.tribalfuszon.com,1
*.qplus.com,1
*.efsharp-campaigns.com,1
*.servertrust.com,1
*.buildering.net,1
*.duckduckgo.com,1
*.254a.com,1
*.eloqua.com,1
*.trouw.nl,1
*.nature.com,1
*.movi.es,1
*.msaex.com,1
*.heartcode-canvasloader.googlecode.com,1
*.hennessypuzzles.com,1
*.email-petsmart.com,1
*.readme.ru,1
*.usatoday.net,1
*.yarpp.org,1
*.sell.com,1
*.google.com.tw,1
*.jwpsrv.com,1
*.arcadja.com,1
*.pbsstatic.com,1
*.sourceforge.net,1
*.dropboxusercontent.com,1
*.rdio.com,1
*.ethz.ch,1
*.zedge.net,1
*.rs6.net,1
*.expedia.de,1
*.gamesports.net,1
*.nasmedia.co.kr,1
*.microsofttranslator.com,1
*.gsu.edu,1
*.papainternational.org,1
*.isohunt.com,1
*.trialpay.com,1
*.rkdms.com,1
*.wayfair.com,1
*.apnanalytics.com,1
*.admedia.com,1
*.anglelabs.com,1
*.coursesmart.com,1
*.mydyzx.com,1
*.greencompute.org,1
*.greenart.info,1
*.rvzrjs.info,1
*.nateimg.co.kr,1
*.everestjs.net,1
*.mint.com,1
*.hittail.com,1
*.radionrj.ca,1
*.kidsfootlocker.com,1
*.windowsupdate.co,1
*.uie.com,1
*.tremormedia.com,1
*.huihui.cn,1
*.adxpose.com,1
*.ntu.edu.tw,1
*.adexcite.com,1
*.xgo.com.cn,1
*.fod4.com,1
*.126.am,1
*.alfaaesar.com,1
*.abercrombie-email.com,1
*.westelm.com,1
*.wonderfurwinter.ca,1
*.tradedoubler.com,1
*.shareaholic.com,1
*.yxcpm.com,1
*.artnetmarketing.com,1
*.lphbs.com,1
*.levexis.com,1
*.thefancy.com,1
*.mshft.com,1
*.web2go.com,1
*.chatwing.com,1
*.middlebury.edu,1
*.grapeshot.co.uk,1
*.jqueryjs.googlecode.com,1
*.volkskrant.nl,1
*.ngeo.com,1
*.straight-poop.com,1
*.rottentomatoes.com,1
*.3dwwwgame.com,1
*.steampowered.com,1
*.wistia.net,1
*.adfonic.net,1
*.poutube.com,1
*.undertonevideo.com,1
*.doubleK2ick.net,1
*.experian.com,1
*.macosforge.org,1
*.zol-img.com.cn,1
*.crateandbarrel.com,1
*.windows.com,1
*.9_(o8Xram.com,1
*.eacdn.com,1
*.paragon-software.com,1
*.asos.com,1
*.techtarget.com,1
*.wcdn.cn,1
*.datasphere.com,1
*.ox.ac.uk,1
*.anthropologie.com,1
*.slashfilm.com,1
*.mindtouch.us,1
*.zcool.com.cn,1
*.omgts.cn,1
*.wishpond.com,1
*.jobs-economist.com,1
*.macyscollege.com,1
*.explabs.net,1
*.whats-your-sign.com,1
*.asos-media.com,1
*.goo'ne.com,1
*.altools.com,1
*.zhituad.com,1
*.mdctrail.com,1
*.travelers.com,1
*.double9Orck.net,1
*.curalate.com,1
*.triplelift.com,1
*.lofter.com,1
*.pbteen.com,1
*.ybutube.com,1
*.miaozX\"n.com,1
*.bnmla.com,1
*.crunchyroll.com,1
*.videolan.org,1
*.imwx.com,1
*.charter-business.com,1
*.atomex.net,1
*.globalsign.net,1
*.adsame.com,1
*.ladyfootlocker.com,1
*.marcelproust.it,1
*.paipaiimg.com,1
*.segment.io,1
*.sucaitianxia.com,1
*.gx101.com,1
*.frontgatetickets.com,1
*.myfreemp3.eu,1
*.56img.com,1
*.everestads.net,1
*.trioninteractive.com,1
*.karnaval.com,1
*.se-mc.com,1
*.pswec.com,1
*.imagesCBpple.com,1
*.adbuyer.com,1
*.klarna.com,1
*.thatcutesite.com,1
*.amazingbeautifulworld.com,1
*.c3tag.com,1
*.longkeyone.co.kr,1
*.intellicast.com,1
*.king.com,1
*.icbc.com.cn,1
*.fidelity-media.com,1
*.onclickads.net,1
*.banzhu.co,1
*.monetizemore.com,1
*.brightroll.com,1
*.999'.cc,1
*.lowcostmarine.fr,1
*.secvpn.net,1
*.instagram.co,1
*.51.la,1
*.collserve.com,1
*.segmint.net,1
*.baivsstatic.com,1
*.gauchocastzQcsb.edu,1
*.mybrowserbar.com,1
*.yixin.im,1
*.riskx-shopify-app.herokuapp.com,1
*.tvlcdn.com,1
*.google.ch,1
*.google.co,1
*.dxjk120.com,1
*.51network.com,1
*.adeleenersen.com,1
*.jasperlabs.com,1
*.jobscout24.ch,1
*.pixel(quantserve.com,1
*.sail-horizon.com,1
*.zdtag.com,1
*.saksfifthavenue.com,1
*.faqs.org,1
*.1001tracklist.com,1
*.onlinevideoconverter.com,1
*.apxlv.com,1
*.sccoos.org,1
*.elle.com,1
*.quoracdn.net,1
*.al.com,1
*.file.org,1
*.secondspace.com,1
*.prahlad.org,1
*.wisc.edu,1
*.doodle.com,1
*.s3-ak]FAzzfeed.com,1
*.fncstatic.com,1
*.ustream.tv,1
*.ooopic.com,1
*.qualtrics.com,1
*.iconolo.gy,1
*.hawaii.edu,1
*.sndcdn.com,1
*.josseybass.com,1
*.adsrv.us,1
*.mmetrix.mobi,1
*.6dstatic.com,1
*.bravotv.com,1
*.sunbelt-software.com,1
*.api.tv,1
*.altools.co.kr,1
*.sep-seo.com,1
*.e-kolay.net,1
*.greenwichmeantime.com,1
*.ipromote.com,1
*.strangemusicinc.com,1
*.batanga.com,1
*.adventureco.com,1
*.gauchocast{tcsb.edu,1
*.china.com,1
*.y-one2.com,1
*.usatoday.com,1
*.sciencedigest.org,1
*.williams-sonoma.com,1
*.mgid.com,1
*.piclens.com,1
*.sourceinterlinkpubs.com,1
*.%lVcorecardresearch.com,1
*.vmware.com,1
*.puaga.com,1
*.zyngawithfriends.com,1
*.webconnect.co,1
*.iampeth.com,1
*.hnscom.com,1
*.ivwbox.de,1
*.nsmartad.com,1
*.flowtv.org,1
*.uuzu.com,1
*.avc.lu,1
*.axf8.net,1
*.qhupdate.com,1
*.ucsc.edu,1
*.nrc.nl,1
*.music-tags.com,1
*.skipitcdn.com,1
*.iwillteachyoualanguage.com,1
*.perfectaudience.com,1
*.tistory.com,1
*.ebayimg.com,1
*.csszengarden.com,1
*.jrwalkersallstarband.us,1
*.seewhy.com,1
*.turninc.com,1
*.uri.edu,1
*.mysearchresults.com,1
*.investopedia.com,1
*.cpmstar.com,1
*.mangastream.com,1
*.collegeweeklive.com,1
*.criterion.com,1
*.dt-updates.com,1
*.ctmail.com,1
*.yb0t.com,1
*.dropbox.co,1
*.cnzz.net,1
*.2vimg.cn,1
*.trafficmp.com,1
*.ptvcdn.net,1
*.jlist.com,1
*.reduxmediagroup.com,1
*.cootekservice.com,1
*.l4zyimg.com,1
*.butube.com,1
*.wwG)google-analytics.com,1
*.reasonablespread.com,1
*.hypehartford.com,1
*.voxmedia.com,1
*.mattpaulson.com,1
*.pages01.net,1
*.p161.net,1
*.clarins.co.uk,1
*.u.pw,1
*.mobileposse.com,1
*.reocities.com,1
*.showtimeanytime.com,1
*.dedoose.com,1
*.googlO^analytics.com,1
*.ipinyou.com.cn,1
*.allrecipes.com,1
*.patch.com,1
*.google.co.in,1
*.ad\"doubleclick.net,1
*.estara.com,1
*.venus.com,1
*.imiclk.com,1
*.amri.ca,1
*.wwC,airport.us,1
*.microsoftonline.com,1
*.verisigJ.com,1
*.historvius.com,1
*.nprotect.net,1
*.ugdturner.com,1
*.com.com,1
*.astralmedia.com,1
*.11points.com,1
*.nydailynews.com,1
*.audienceampbify.com,1
*.ctrmi.com,1
*.williamhill.com,1
*.prada.com,1
*.coull.com,1
*.dxpmedia.com,1
*.viber.com,1
*.punchtab.com,1
*.coldwatercreek.com,1
*.trendmicro.com,1
*.utorrent.com,1
*.securepaynet.net,1
*.kuaibo.com,1
*.iask.com,1
*.ulta.com,1
*.newsrep.net,1
*.nullism.com,1
*.irs09.com,1
*.travelsky.com,1
*.musixmatch.com,1
*.widerplanet.com,1
*.sightwordsgame.com,1
*.w8.com.cn,1
*.telestream.net,1
*.ifcdn.com,1
*.alminerech.com,1
*.browser-update.org,1
*.onswipe.com,1
*.optaim.com,1
*.roia.biz,1
*.onetravel.com,1
*.duoshuo.com,1
*.thinkmedia.cn,1