"Mozilla/5.0 (Macintosh; Intel Mac OS X 10_8_5) AppleWebKit/536.30.1 (KHTML, like Gecko) Version/6.0.5 Safari/536.30.1 ", 19252
"Mozilla/5.0 (Windows NT 6.1; WOW64) AppleWebKit/537.36 (KHTML, like Gecko) Chrome/30.0.1599.101 Safari/537.36 ", 14799
"Mozilla/5.0 (Macintosh; Intel Mac OS X 10_7_5) AppleWebKit/536.30.1 (KHTML, like Gecko) Version/6.0.5 Safari/536.30.1 ", 12242
Mozilla/5.0 (compatible; MSIE 10.0; Windows NT 6.2; WOW64; Trident/6.0; MATBJS) , 7223
"Mozilla/5.0 (Windows NT 6.2; WOW64) AppleWebKit/537.36 (KHTML, like Gecko) Chrome/30.0.1599.101 Safari/537.36 ", 6142
"Mozilla/5.0 (Macintosh; Intel Mac OS X 10_6_8) AppleWebKit/534.59.10 (KHTML, like Gecko) Version/5.1.9 Safari/534.59.10 ", 5748
"Mozilla/5.0 (Macintosh; Intel Mac OS X 10_6_8) AppleWebKit/534.59.8 (KHTML, like Gecko) Version/5.1.9 Safari/534.59.8 ", 5333
"Mozilla/5.0 (Macintosh; Intel Mac OS X 10_7_5) AppleWebKit/537.36 (KHTML, like Gecko) Chrome/30.0.1599.101 Safari/537.36 ", 4800
"Mozilla/5.0 (Windows NT 6.1; WOW64) AppleWebKit/537.36 (KHTML, like Gecko) Chrome/27.0.1453.110 Safari/537.36 ", 4693
Mozilla/5.0 (Windows NT 6.1; WOW64; rv:17.0) Gecko/20100101 Firefox/17.0 , 4647
"Mozilla/5.0 (Macintosh; Intel Mac OS X 10_8_5) AppleWebKit/537.36 (KHTML, like Gecko) Chrome/30.0.1599.101 Safari/537.36 ", 3605
"Mozilla/5.0 (Windows NT 5.1) AppleWebKit/535.11 (KHTML, like Gecko) Chrome/17.0.963.84 Safari/535.11 SE 2.X MetaSr 1.0 ", 3315
"Mozilla/5.0 (Macintosh; Intel Mac OS X 10_8_4) AppleWebKit/536.30.1 (KHTML, like Gecko) Version/6.0.5 Safari/536.30.1 ", 3302
Mozilla/5.0 (compatible; MSIE 10.0; Windows NT 6.1; WOW64; Trident/6.0) , 3061
"Mozilla/5.0 (Macintosh; Intel Mac OS X 10_7_5) AppleWebKit/537.36 (KHTML, like Gecko) Chrome/30.0.1599.69 Safari/537.36 ", 2406
"Mozilla/5.0 (Macintosh; Intel Mac OS X 10_6_8) AppleWebKit/537.36 (KHTML, like Gecko) Chrome/30.0.1599.101 Safari/537.36 ", 2327
"Mozilla/5.0 (Windows NT 6.1; WOW64) AppleWebKit/537.36 (KHTML, like Gecko) Chrome/31.0.1612.2 Safari/537.36 ", 2241
"Mozilla/5.0 (Macintosh; Intel Mac OS X 10_8_2) AppleWebKit/536.26.17 (KHTML, like Gecko) Version/6.0.2 Safari/536.26.17 ", 1736
"Mozilla/5.0 (Macintosh; Intel Mac OS X 10_6_8) AppleWebKit/534.58.2 (KHTML, like Gecko) Version/5.1.8 Safari/534.58.2 ", 1724
Mozilla/5.0 (compatible; MSIE 9.0; Windows NT 6.1; WOW64; Trident/5.0) , 1695
"Mozilla/5.0 (Macintosh; Intel Mac OS X 10_5_8) AppleWebKit/534.50.2 (KHTML, like Gecko) Version/5.0.6 Safari/533.22.3 ", 1674
"Mozilla/5.0 (Macintosh; Intel Mac OS X 10_8_5) AppleWebKit/536.30.1 (KHTML, like Gecko) ", 1657
Mozilla/5.0 (compatible; MSIE 10.0; Windows NT 6.2; WOW64; Trident/6.0; MAGWJS) , 1494
"Mozilla/5.0 (Windows NT 6.3; WOW64) AppleWebKit/537.36 (KHTML, like Gecko) Chrome/30.0.1599.101 Safari/537.36 ", 1482
Shockwave Flash , 1458
Mozilla/5.0 (Windows NT 6.1; rv:24.0) Gecko/20100101 Firefox/24.0 , 1345
"Mozilla/5.0 (Macintosh; Intel Mac OS X 10_9_0) AppleWebKit/537.36 (KHTML, like Gecko) Chrome/30.0.1599.101 Safari/537.36 ", 1305
"Mozilla/5.0 (Windows NT 6.1; WOW64) AppleWebKit/537.36 (KHTML, like Gecko) Chrome/30.0.1599.69 Safari/537.36 ", 1191
Apache-HttpClient/UNAVAILABLE (java 1.4) , 1112
"Mozilla/5.0 (Macintosh; Intel Mac OS X 10_7_5) AppleWebKit/536.28.10 (KHTML, like Gecko) Version/6.0.3 Safari/536.28.10 ", 1079
DLNADOC/1.50 SEC_HHP_My File Share/1.0 , 819
Mozilla/5.0 (Windows NT 6.1; WOW64; rv:24.0) Gecko/20100101 Firefox/24.0 , 789
"Mozilla/5.0 (Macintosh; Intel Mac OS X 10_7_4) AppleWebKit/534.56.5 (KHTML, like Gecko) Version/5.1.6 Safari/534.56.5 ", 770
"Mozilla/5.0 (Windows NT 6.2; WOW64) AppleWebKit/537.36 (KHTML, like Gecko) Chrome/28.0.1500.95 Safari/537.36 ", 766
"Mozilla/5.0 (Macintosh; Intel Mac OS X 10_7_0) AppleWebKit/537.36 (KHTML, like Gecko) Chrome/28.0.1500.71 Safari/537.36 ", 745
"Mozilla/5.0 (Macintosh; Intel Mac OS X 10_8_4) AppleWebKit/537.36 (KHTML, like Gecko) Chrome/30.0.1599.101 Safari/537.36 ", 741
Mozilla/5.0 (compatible; MSIE 10.0; Windows NT 6.2; WOW64; Trident/6.0; Touch; MAARJS) , 727
"Instagram 4.0.2 (iPhone5,1; iPhone OS 7_0; en_US; en) AppleWebKit/420+ ", 681
Devicescape-Agent/4.3.150 (Android - 7853c05d-e3df-5330-44d7-242b626ae595) tmobile_wispr1 , 649
CaptiveNetworkSupport-173 wispr , 636
Mozilla/5.0 (compatible; MSIE 8.0;) , 630
"Mozilla/5.0 (Windows NT 6.2; WOW64) AppleWebKit/537.36 (KHTML, like Gecko) Chrome/29.0.1547.66 Safari/537.36 ", 627
Google/TWC , 591
"Mozilla/5.0 (Macintosh; Intel Mac OS X 10_7_4) AppleWebKit/537.36 (KHTML, like Gecko) Chrome/30.0.1599.101 Safari/537.36 ", 565
CaptiveNetworkSupport-200.1 wispr , 560
Microsoft-WNS/6.2 , 517
"DropboxDesktopClient/2.0.22 (Macintosh; 10.6; ('i32',); en_US) ", 514
"Mozilla/5.0 (Macintosh; Intel Mac OS X 10_9) AppleWebKit/537.71 (KHTML, like Gecko) Version/7.0 Safari/537.71 ", 507
Microsoft-CryptoAPI/6.1 , 500
"Mozilla/5.0 (Macintosh; Intel Mac OS X 10_8_2) AppleWebKit/537.36 (KHTML, like Gecko) Chrome/30.0.1599.101 Safari/537.36 ", 498
Mozilla/5.0 (Macintosh; Intel Mac OS X 10.7; rv:24.0) Gecko/20100101 Firefox/24.0 , 494
Software%20Update (unknown version) CFNetwork/454.12.4 Darwin/10.8.0 (i386) (MacBook7%2C1) , 493
"Mozilla/5.0 (Linux; U; Android 4.0.4; en-us; SGH-T769 Build/IMM76D) AppleWebKit/534.30 (KHTML, like Gecko) Version/4.0 Mobile Safari/534.30 ", 469
"Mozilla/5.0 (Macintosh; Intel Mac OS X 10_6_8) AppleWebKit/534.50 (KHTML, like Gecko) Version/5.1 Safari/534.50 ", 460
Mozilla/5.0 (Macintosh; Intel Mac OS X 10.6; rv:24.0) Gecko/20100101 Firefox/24.0 , 440
Microsoft NCSI , 438
Microsoft BITS/7.5 , 422
ocspd/1.0 , 419
"Mozilla/5.0 (Macintosh; Intel Mac OS X 10_8_3) AppleWebKit/536.28.10 (KHTML, like Gecko) Version/6.0.3 Safari/536.28.10 ", 418
ESS Update (Windows; U; 32bit; VDB 14112; BPC 4.2.71.2; OS: 6.1.7601 SP 1.0 NT; TDB 14112; CH 0.0; LNG 1033; x64c; UPD AUTOSELECT; APP eavbe; BEO 1; CPU 161612; ASP 0.10; FW 0.0; PX 0; PUA 1) , 414
"Mozilla/5.0 (Macintosh; Intel Mac OS X 10_7_5) AppleWebKit/534.57.7 (KHTML, like Gecko) ", 405
"Instagram 4.2.2 (iPhone4,1; iPhone OS 7_0_2; de_CH; en) AppleWebKit/420+ ", 404
Mozilla/5.0 (Macintosh; Intel Mac OS X 10.8; rv:24.0) Gecko/20100101 Firefox/24.0 , 391
CaptiveNetworkSupport-277 wispr , 382
Microsoft BITS/7.6 , 380
"DropboxDesktopClient/2.0.22 (Macintosh; 10.7; ('i32',); en_US) ", 380
"Mozilla/5.0 (iPhone; CPU iPhone OS 7_0_2 like Mac OS X) AppleWebKit/537.51.1 (KHTML, like Gecko) Version/7.0 Mobile/11A501 Safari/9537.53 ", 365
"Mozilla/5.0 (Macintosh; Intel Mac OS X 10_7_5) AppleWebKit/537.36 (KHTML, like Gecko) Chrome/29.0.1547.76 Safari/537.36 ", 354
"Mozilla/5.0 (Macintosh; Intel Mac OS X 10_8_3) AppleWebKit/537.36 (KHTML, like Gecko) Chrome/30.0.1599.101 Safari/537.36 ", 346
"Mozilla/5.0 (Windows NT 6.1) AppleWebKit/537.36 (KHTML, like Gecko) Chrome/30.0.1599.101 Safari/537.36 ", 333
Mozilla/4.0 (compatible; MSIE 7.0; Windows NT 6.2; WOW64; Trident/6.0; .NET4.0E; .NET4.0C; .NET CLR 3.5.30729; .NET CLR 2.0.50727; .NET CLR 3.0.30729; MAGWJS) , 314
"Mozilla/5.0 (Macintosh; Intel Mac OS X 10_8_1) AppleWebKit/537.36 (KHTML, like Gecko) Chrome/30.0.1599.101 Safari/537.36 ", 307
DropboxDesktopClient/2.0.22 (Windows; 7; i32; en_US) , 299
Mozilla/5.0 (compatible; MSIE 10.0; Windows NT 6.2; ARM; Trident/6.0; Touch) , 293
"Mozilla/5.0 (Macintosh; Intel Mac OS X 10_8_5) AppleWebKit/537.71 (KHTML, like Gecko) Version/6.1 Safari/537.71 ", 292
Mozilla/5.0 (compatible; MSIE 10.0; Windows NT 6.1; WOW64; Trident/6.0; MASP) , 291
"Mozilla/5.0 (Macintosh; Intel Mac OS X 10_8_4) AppleWebKit/536.30.1 (KHTML, like Gecko) ", 291
"Mozilla/5.0 (Macintosh; Intel Mac OS X 10_8_2) AppleWebKit/536.26.14 (KHTML, like Gecko) Version/6.0.1 Safari/536.26.14 ", 279
"Mozilla/5.0 (iPod; CPU iPhone OS 6_1_3 like Mac OS X) AppleWebKit/536.26 (KHTML, like Gecko) Version/6.0 Mobile/10B329 Safari/8536.25 ", 278
Mozilla/5.0 (Windows NT 6.3; Win64; x64; Trident/7.0; Touch; MAARJS; rv:11.0) like Gecko , 273
Mozilla/4.0 (Mac OS X 10.7.5) Java/1.7.0_45 , 271
Windows-Update-Agent , 260
"Mozilla/5.0 (Macintosh; Intel Mac OS X 10_7_5) AppleWebKit/534.57.7 (KHTML, like Gecko) Version/5.1.7 Safari/534.57.7 ", 246
Yelp/7.2.0 CFNetwork/609.1.4 Darwin/13.0.0 , 246
"Mozilla/5.0 (iPad; CPU OS 7_0_2 like Mac OS X) AppleWebKit/537.51.1 (KHTML, like Gecko) Version/7.0 Mobile/11A501 Safari/9537.53 ", 243
"Instagram 4.2.2 (iPhone3,1; iPhone OS 6_0_1; en_US; en) AppleWebKit/420+ ", 241
"Mozilla/5.0 (Windows NT 6.2; WOW64) AppleWebKit/537.36 (KHTML, like Gecko) Chrome/30.0.1599.69 Safari/537.36 ", 241
Mozilla/4.0 (Mac OS X 10.8.5) Java/1.7.0_45 , 234
"Mozilla/5.0 (Linux; Android 4.3; Nexus 4 Build/JWR66Y) AppleWebKit/537.36 (KHTML, like Gecko) Chrome/30.0.1599.82 Mobile Safari/537.36 ", 232
DropboxDesktopClient/2.4.2 (Windows; 8; i32; en_US) , 226
"Mozilla/5.0 (Macintosh; Intel Mac OS X 10_7_5) AppleWebKit/537.36 (KHTML, like Gecko) Chrome/29.0.1547.65 Safari/537.36 ", 223
"Mozilla/5.0 (iPhone; CPU iPhone OS 7_0_2 like Mac OS X) AppleWebKit/537.51.1 (KHTML, like Gecko) Mobile/11A501 ", 220
Wrapp/4071 CFNetwork/609.1.4 Darwin/13.0.0 , 209
"Mozilla/5.0 (Macintosh; Intel Mac OS X 10_8_3) AppleWebKit/536.28.10 (KHTML, like Gecko) ", 207
"Mozilla/5.0 (Linux; Android 4.3; Nexus 7 Build/JWR66Y) AppleWebKit/537.36 (KHTML, like Gecko) Chrome/30.0.1599.92 Safari/537.36 ", 204
DropboxDesktopClient/2.0.22 (Windows; 8; i32; en_US) , 197
Mozilla/5.0 (Windows NT 6.3; ARM; Trident/7.0; Touch; rv:11.0) like Gecko , 196
"Mozilla/5.0 (iPad; CPU OS 7_0_2 like Mac OS X) AppleWebKit/537.51.1 (KHTML, like Gecko) Mobile/11A501 Safari/7534.48.3 TeamStream HD (iPad2,2 411 1.9) ", 196
"Instagram 4.2.3 (iPhone3,3; iPhone OS 6_1; en_US; en) AppleWebKit/420+ ", 196
(null)/(null) ((null)) , 195
Mozilla/4.0 (compatible; MSIE 6.0; Windows NT 5.1; SV1) , 194
SXL/3.1 , 191
Mozilla/4.0 (Windows 8 6.2) Java/1.7.0_45 , 186
"Mozilla/5.0 (Macintosh; Intel Mac OS X 10_7_5) AppleWebKit/537.71 (KHTML, like Gecko) Version/6.1 Safari/537.71 ", 185
"Instagram 4.2.3 (iPhone4,1; iPhone OS 7_0_2; en_US; en) AppleWebKit/420+ ", 184
"Instagram 4.2.3 (iPhone5,1; iPhone OS 7_0_2; en_US; en) AppleWebKit/420+ ", 178
Mozilla/5.0 (compatible; MSIE 10.0; Windows NT 6.3; Win64; x64; Trident/6.0; Touch; MAARJS) , 173
Post_Multipart , 169
Instagram 4.2.2 Android (17/4.2.2; 480dpi; 1080x1920; samsung; SAMSUNG-SGH-I337; jflteatt; qcom; en_US) , 163
Java/1.6.0_37 , 162
"Instagram 4.2.0 (iPhone3,3; iPhone OS 7_0_2; en_US; en) AppleWebKit/420+ ", 153
Mozilla/4.0 (compatible; MSIE 7.0; Windows NT 6.1; WOW64; Trident/6.0; SLCC2; .NET CLR 2.0.50727; .NET CLR 3.5.30729; .NET CLR 3.0.30729; Media Center PC 6.0; .NET4.0C; AskTbOVO2/5.17.0.25589; BRI/2) , 151
"Mozilla/5.0 (Windows NT 6.1; WOW64) AppleWebKit/537.36 (KHTML, like Gecko) Chrome/28.0.1500.71 Safari/537.36 ", 149
Windows-Update-Agent/7.9.9600.16403 Client-Protocol/1.20 , 149
"Mozilla/5.0 (Macintosh; Intel Mac OS X 10_6_8) AppleWebKit/534.59.10 (KHTML, like Gecko) Version/5.1.9 Safari/534.57.2 ", 146
CaptiveNetworkSupport-209.39 wispr , 144
"Mozilla/5.0 (Macintosh; Intel Mac OS X 10_6_8) AppleWebKit/534.57.2 (KHTML, like Gecko) Version/5.1.7 Safari/534.57.2 ", 144
iTunes/11.1.1 (Macintosh; OS X 10.6.8) AppleWebKit/534.59.10 , 142
"Mozilla/5.0 (Macintosh; Intel Mac OS X 10_8_2) AppleWebKit/536.26.14 (KHTML, like Gecko) ", 141
Mozilla/5.0 (compatible; MSIE 10.0; Windows NT 6.3; ARM; Trident/6.0; Touch) , 137
Microsoft-CryptoAPI/6.2 , 136
"DropboxDesktopClient/2.0.26 (Macintosh; 10.8; ('i32',); en_US) ", 135
Apple-PubSub/65.28 , 134
securityd (unknown version) CFNetwork/672.0.2 Darwin/14.0.0 , 128
Mozilla/5.0 (compatible; MSIE 10.0; Windows NT 6.2; Win64; x64; Trident/6.0; Touch; MAARJS) , 126
abcplayer/3.0.2 CFNetwork/672.0.2 Darwin/14.0.0 , 125
"Mozilla/5.0 (Linux; Android 4.3; HTC One Build/JWR66V.H10) AppleWebKit/537.36 (KHTML, like Gecko) Chrome/30.0.1599.92 Mobile Safari/537.36 ", 123
"Mozilla/5.0 (iPhone; CPU iPhone OS 7_0 like Mac OS X) AppleWebKit/537.51.1 (KHTML, like Gecko) Mobile/11A465 ", 121
"Mozilla/5.0 (Macintosh; Intel Mac OS X 10_8_5) AppleWebKit/537.36 (KHTML, like Gecko) Chrome/30.0.1599.69 Safari/537.36 ", 120
"Mozilla/5.0 (Windows NT 6.1) AppleWebKit/537.22 (KHTML, like Gecko) Chrome/25.0.1364.152 Safari/537.22 ", 118
"DropboxDesktopClient/2.4.2 (Macintosh; 10.8; ('i32',); de) ", 118
Mozilla/4.0 (compatible; MSIE 7.0; Windows NT 6.1; WOW64; Trident/6.0; SLCC2; .NET CLR 2.0.50727; .NET CLR 3.5.30729; .NET CLR 3.0.30729; Media Center PC 6.0; .NET4.0C; InfoPath.3) , 117
CaptiveNetworkSupport-261.1.2 wispr , 115
"DropboxDesktopClient/2.2.13 (Macintosh; 10.7; ('i32',); en_US) ", 112
*B0ZBAAQAa8ieK4B0RN6vGhnkevbzjcgpFQXRJGKoaQEF7StFYUC9A4FEBAAAA0AA , 112
DLNADOC/1.50 SEC_HHP_AndroidP2P0927/1.0 , 112
"Mozilla/5.0 (Windows NT 6.1) AppleWebKit/535.19 (KHTML, like Gecko) Chrome/18.0.1025.166 Safari/535.19 QQ/8200 ", 110
"Mozilla/5.0 (iPhone; CPU iPhone OS 7_0_2 like Mac OS X) AppleWebKit/537.51.1 (KHTML, like Gecko) Mobile/11A501 [FBAN/FBIOS;FBAV/6.6;FBBV/446101;FBDV/iPhone5,1;FBMD/iPhone;FBSN/iPhone OS;FBSV/7.0.2;FBSS/2; FBCR/AT&T;FBID/phone;FBLC/en_US;FBOP/5] ", 110
Mozilla/5.0 (Windows NT 6.1; WOW64) , 110
Mozilla/4.0 (compatible; MSIE 7.0; Windows NT 5.1) , 109
Yodao Desktop Dict (Windows 6.1.7601) , 107
"Mozilla/5.0 (iPad; CPU OS 6_0 like Mac OS X) AppleWebKit/536.26 (KHTML, like Gecko) Version/6.0 Mobile/10A407 Safari/8536.25 ", 107
"Mozilla/5.0 (iPhone; CPU iPhone OS 6_1 like Mac OS X) AppleWebKit/536.26 (KHTML, like Gecko) Version/6.0 Mobile/10B141 Safari/8536.25 ", 106
"Mozilla/5.0 (Linux; Android 4.2.2; XT1080 Build/12.9.0Q2.X-160-OBK_TA-14-7) AppleWebKit/537.36 (KHTML, like Gecko) Chrome/30.0.1599.82 Mobile Safari/537.36 ", 106
"DropboxDesktopClient/2.4.2 (Macintosh; 10.8; ('i32',); en_US) ", 106
"Mozilla/5.0 (Macintosh; Intel Mac OS X 10_7) AppleWebKit/534.48.3 (KHTML, like Gecko) Version/5.1 Safari/534.48.3 ", 105
Post , 105
"Mozilla/5.0 (Macintosh; Intel Mac OS X 10_8_3) AppleWebKit/536.29.13 (KHTML, like Gecko) Version/6.0.4 Safari/536.29.13 ", 102
Mozilla/4.0 (compatible; MSIE 6.0; Windows NT 5.1) , 100
Mozilla/4.0 (compatible; MSIE 8.0; Windows NT 6.1; Trident/4.0) , 99
Dalvik/1.6.0 (Linux; U; Android 4.0.3; HTCEVODesign4G Build/IML74K) , 93
"Instagram 4.2.3 (iPhone4,1; iPhone OS 6_1_3; en_US; en) AppleWebKit/420+ ", 91
Mozilla/5.0 (Windows NT 6.0; rv:24.0) Gecko/20100101 Firefox/24.0 , 91
Mozilla/4.0 (compatible; MSIE 7.0; Windows NT 5.1; Trident/4.0; SIMBAR={F8C286AD-53B6-11E2-A6F7-14FEB5C4BCAA}; .NET CLR 2.0.50727; .NET CLR 1.1.4322; InfoPath.2; .NET CLR 3.0.4506.2152; .NET CLR 3.5.30729; CIBA; .NET4.0C; SE 2.X MetaSr 1.0) , 88
"Mozilla/5.0 (X11; Linux x86_64) AppleWebKit/537.31 (KHTML, like Gecko) Chrome/26.0.1410.63 Safari/537.31 ", 88
AppleCoreMedia/1.0.0.11A501 (iPhone; U; CPU OS 7_0_2 like Mac OS X; en_us) , 82
"DropboxDesktopClient/2.0.22 (Macintosh; 10.7; ('i32',); de) ", 82
CaptiveNetworkSupport-209.31 wispr , 81
"Mozilla/5.0 (iPhone; CPU iPhone OS 6_1_3 like Mac OS X) AppleWebKit/536.26 (KHTML, like Gecko) Mobile/10B329 [FBAN/FBIOS;FBAV/6.6;FBBV/446101;FBDV/iPhone4,1;FBMD/iPhone;FBSN/iPhone OS;FBSV/6.1.3;FBSS/2; FBCR/T-Mobile;FBID/phone;FBLC/en_US;FBOP/5] ", 80
"Mozilla/5.0 (Macintosh; Intel Mac OS X 10_6_8) AppleWebKit/534.50 (KHTML, like Gecko) ", 78
"Mozilla/5.0 (iPhone; CPU iPhone OS 6_1_3 like Mac OS X) AppleWebKit/536.26 (KHTML, like Gecko) Mobile/10B329 ", 74
MicroMessenger Client , 74
AppleCoreMedia/1.0.0.11G63 (Macintosh; U; Intel Mac OS X 10_7_5; en_us) , 74
Syncer/5.00 (ais-1489;p) , 73
Mozilla/5.0 (compatible; MSIE 10.0; Windows NT 6.2; WOW64; Trident/6.0; Touch; TNJB) , 69
"AppStore/2.0 iOS/7.0.3 model/iPhone4,1 (6; dt:73) ", 67
"Mozilla/5.0 (iPad; CPU OS 7_0 like Mac OS X) AppleWebKit/537.51.1 (KHTML, like Gecko) Mobile/11A465 [FBAN/FBIOS;FBAV/6.5.1;FBBV/377040;FBDV/iPad2,4;FBMD/iPad;FBSN/iPhone OS;FBSV/7.0;FBSS/1; FBCR/;FBID/tablet;FBLC/en_US;FBOP/1] ", 66
Microsoft-WNS/6.3 , 66
contype , 65
PluginProcess/6534.59.8 CFNetwork/454.12.4 Darwin/10.8.0 (i386) (MacBookPro7%2C1) , 64
DropboxDesktopClient/2.0.26 (Windows; 8; i32; en_US) , 64
Mac OS X/10.8.5 (12F45) , 62
"Mozilla/5.0 (Windows NT 6.2; WOW64) AppleWebKit/537.36 (KHTML, like Gecko) Chrome/27.0.1453.116 Safari/537.36 ", 61
Cisco AnyConnect VPN Agent for Mac OS X 2.5.6005 , 58
AnyConnect Agent 2.5.6005 , 58
"Mozilla/5.0 (Macintosh; Intel Mac OS X 10_6_8) AppleWebKit/537.36 (KHTML, like Gecko) Chrome/30.0.1599.69 Safari/537.36 ", 57
Mozilla/5.0 (compatible; MSIE 10.0; Windows NT 6.2; WOW64; Trident/6.0; Touch) , 57
Mozilla/5.0 (compatible; Genieo/1.0 http://www.genieo.com/webfilter.html) , 57
"com.google.ios.youtube/2.0.0.7804 (iPhone4,1; U; CPU iPhone OS 6_0_1 like Mac OS X; en_US)  ", 57
Android-Checkin/2.0 (m7wls JSS15J); gzip , 56
Mozilla/5.0 (Windows NT 6.2; WOW64; rv:24.0) Gecko/20100101 Firefox/24.0 , 55
Mozilla/4.0 (compatible; MSIE 8.0; Windows NT 6.1; WOW64; Trident/4.0; BTRS100194; GTB7.5; SLCC2; .NET CLR 2.0.50727; .NET CLR 3.5.30729; .NET CLR 3.0.30729; Media Center PC 6.0; .NET4.0C; InfoPath.2) , 54
"Mozilla/5.0 (Macintosh; Intel Mac OS X 10_6_8) AppleWebKit/534.59.10 (KHTML, like Gecko) ", 54
"Mozilla/5.0 (Linux; U; Android 2.3.5; nb-no; GT-I9100 Build/GINGERBREAD) AppleWebKit/533.1 (KHTML, like Gecko) Version/4.0 Mobile Safari/533.1 ", 54
"DropboxDesktopClient/2.0.26 (Macintosh; 10.5; ('i32',); en_US) ", 54
ocspd (unknown version) CFNetwork/520.5.1 Darwin/11.4.2 (x86_64) (MacBookPro8%2C1) , 52
"DLNADOC/1.50 SEC_HHP_\""[Mobile]GT-I8190(Martin Dunne)\""/1.0 ", 52
Shasta , 51
Weibo/4.0.1 CFNetwork/672.0.2 Darwin/14.0.0 , 50
XXXX , 50
ocspd/1.0.1 , 48
"DropboxDesktopClient/2.0.22 (Macintosh; 10.8; ('i32',); en_US) ", 48
"Instagram 4.2.1 (iPhone5,2; iPhone OS 7_0_2; en_US; en) AppleWebKit/420+ ", 45
Redfin/4.2.1.18 CFNetwork/609.1.4 Darwin/13.0.0 , 44
DLNADOC/1.50 SEC_HHP_AndroidP2P1817/1.0 , 43
DLNADOC/1.50 SEC_HHP_[Mobile]SPH-L710/1.0 , 42
Dalvik/1.6.0 (Linux; U; Android 4.2.2; SAMSUNG-SGH-I337 Build/JDQ39) , 42
AppleCoreMedia/1.0.0.11A501 (iPad; U; CPU OS 7_0_2 like Mac OS X; en_us) , 42
Dalvik/1.6.0 (Linux; U; Android 4.1.2; GT-I8190 Build/JZO54K) , 42
"Instagram 4.2.3 (iPhone4,1; iPhone OS 7_0_3; en_US; en) AppleWebKit/420+ ", 42
Dalvik/1.6.0 (Linux; U; Android 4.3; Nexus 4 Build/JWR66Y) , 41
SXL/3.0 , 41
Dalvik/1.6.0 (Linux; U; Android 4.1.2; SAMSUNG-SGH-I747 Build/JZO54K) , 41
App Virt Client/4.6.3.24650 , 41
GoogleMobile/1.0 (m7wls JSS15J); gzip , 41
"Mozilla/5.0 (Macintosh; Intel Mac OS X 10_7_4) AppleWebKit/534.57.5 (KHTML, like Gecko) Version/5.1.7 Safari/534.57.4 ", 41
Mozilla/5.0 (X11; Linux x86_64; rv:22.0) Gecko/20100101 Firefox/22.0 , 41
Mozilla/4.0 (compatible; MSIE; Windows NT 6.1; Trident/4.0) , 40
Spotify-OSX/0.71/90400185 , 40
Mozilla/4.0 , 39
Mozilla/5.0 (Macintosh; Intel Mac OS X 10.6; rv:16.0) Gecko/20100101 Firefox/16.0 , 39
Mozilla/4.0 (compatible; MSIE 7.0; Windows NT 6.2; WOW64; Trident/6.0; .NET4.0E; .NET4.0C; .NET CLR 3.5.30729; .NET CLR 2.0.50727; .NET CLR 3.0.30729; Tablet PC 2.0; MASPJS) , 39
Avast , 38
Dalvik/1.6.0 (Linux; U; Android 4.1.2; LG-LG730 Build/JZO54K) , 38
Mozilla/5.0 (X11; Ubuntu; Linux x86_64; rv:24.0) Gecko/20100101 Firefox/24.0 , 37
RRSpring/6.1.0 CFNetwork/672.0.2 Darwin/14.0.0 , 37
DLNADOC/1.50 SEC_HHP_[Mobile]SHV-E210K/1.0 , 37
"DropboxDesktopClient/2.0.22 (Macintosh; 10.6; ('i32',); ja) ", 37
iFunshion/7.10 CFNetwork/672.0.2 Darwin/14.0.0 , 37
NIS/20.4.0.40 MID/{lwqHzX+D2yZ2aBLc87YRIIdN7ls} SID/p+1mUgAAAAA , 37
Dolphin http client/10.1.0(248) (Android) , 36
"Mozilla/5.0 (Macintosh; Intel Mac OS X 10_9) AppleWebKit/537.71 (KHTML, like Gecko) ", 36
*BIaBAAQA6wBSR0THqYLBB1peZ6u6KVFWYqjOv4mgTNE7_BvqrthmA4FEBAAAA0AA , 36
Groupon/8455 CFNetwork/609.1.4 Darwin/13.0.0 , 36
RRSpring/6.1.0 CFNetwork/672.0.8 Darwin/14.0.0 , 35
"Mozilla/5.0 (Windows; U; en-US) AppleWebKit/533.19.4 (KHTML, like Gecko) AdobeAIR/3.7 ", 35
Microsoft-CryptoAPI/6.3 , 35
"DropboxDesktopClient/2.4.2 (Macintosh; 10.6; ('i32',); zh_CN) ", 35
Google Update/1.3.21.165;winhttp;cup , 35
XBLWIN1.5 , 34
"DropboxDesktopClient/2.0.22 (Macintosh; 10.6; ('i32',); de) ", 33
"Mozilla/5.0 (Macintosh; Intel Mac OS X 10_7_5) AppleWebKit/536.26.17 (KHTML, like Gecko) Version/6.0.2 Safari/536.26.17 ", 33
DropboxDesktopClient/2.4.2 (Windows; 7; i32; en_US) , 33
"Mozilla/5.0 (Linux; U; Android 4.1.2; en-us; SCH-I605 Build/JZO54K) AppleWebKit/534.30 (KHTML, like Gecko) Version/4.0 Mobile Safari/534.30 ", 33
CaptiveNetworkSupport-183.5 wispr , 33
"Mozilla/5.0 (Linux; Android 4.2.1; ASUS Transformer Pad TF700T Build/JOP40D) AppleWebKit/535.19 (KHTML, like Gecko) Chrome/18.0.1025.166  Safari/535.19 ", 33
"Mozilla/5.0 (Windows NT 6.1; WOW64) AppleWebKit/537.1 (KHTML, like Gecko) Chrome/21.0.1180.89 Safari/537.1 QIHU 360SE ", 32
MacAppStore/1.2.2 (Macintosh; U; Intel Mac OS X 10.8.5; en) AppleWebKit/536.30.1 , 32
Dalvik/1.6.0 (Linux; U; Android 4.2.2; SPH-L720 Build/JDQ39) , 32
mbam - consumer_trial (protection) - base:1.61.0.1400 - rules:v2013.10.16.13 , 31
Dalvik/1.6.0 (Linux; U; Android 4.1.2; SGH-T999 Build/JZO54K) , 31
Instagram 4.2.2 Android (17/4.2.2; 480dpi; 1080x1920; samsung; SGH-M919; jfltetmo; qcom; en_US) , 31
Last.fm Client 1.5.4.27091 (Windows) , 29
"Mozilla/5.0 (Windows NT 6.1; WOW64) AppleWebKit/537.1 (KHTML, like Gecko) Chrome/21.0.1180.89 Safari/537.1 ", 29
DropboxDesktopClient/2.4.2 (Linux; 3.9.10-100.fc17.x86_64; x64; en_US) , 29
iTunes/11.1.1 (Macintosh; OS X 10.8.5) AppleWebKit/536.30.1 , 29
PhotoStreamAgent/40.34 CFNetwork/596.5 Darwin/12.5.0 (x86_64) (MacBookPro10%2C2) , 29
liebao , 29
DropboxDesktopClient/2.4.4 (Windows; 7; i32; en_US) , 29
"DropboxDesktopClient/2.0.26 (Macintosh; 10.7; ('i32',); en_US) ", 29
NPRRadio/3.7 CFNetwork/672.0.2 Darwin/14.0.0 , 29
Skype WISPr , 29
Microsoft-ATL-Native/8.00 , 29
MSPACheck/0.0.3 CFNetwork/520.5.1 Darwin/11.4.2 (x86_64) (MacBookPro6%2C2) , 28
MSDW , 28
ocspd (unknown version) CFNetwork/520.5.1 Darwin/11.4.2 (x86_64) (MacBookPro6%2C2) , 28
"Mozilla/5.0 (Windows NT 6.1; WOW64) AppleWebKit/537.17 (KHTML, like Gecko) Chrome/24.0.1312.57 Safari/537.17 ", 27
"[FBAN/FB4A;FBAV/3.7;FBBV/381653;FBDM/{density=1.5,width=480,height=800};FBLC/en_US;FBCR/AT&amp-T;FBPN/com.facebook.katana;FBDV/GT-I8190;FBSV/4.1.2;FBCA/armeabi-v7a:armeabi;] ", 27
ocspd (unknown version) CFNetwork/520.5.1 Darwin/11.4.2 (x86_64) (MacBookPro9%2C2) , 27
Mozilla/4.0 (compatible; MSIE 7.0; Windows NT 5.1; Trident/4.0; SIMBAR={F8C286AD-53B6-11E2-A6F7-14FEB5C4BCAA}; .NET CLR 2.0.50727; .NET CLR 1.1.4322; InfoPath.2; .NET CLR 3.0.4506.2152; .NET CLR 3.5.30729; CIBA; .NET4.0C) , 27
MICROSOFT_DEVICE_METADATA_RETRIEVAL_CLIENT , 27
Cisco AnyConnect VPN Agent for Windows 3.0.11042 , 26
AnyConnect Agent 3.0.11042 , 26
vine/1.3.4 CFNetwork/672.0.2 Darwin/14.0.0 , 26
"Mozilla/5.0 (iPhone; CPU iPhone OS 6_1_3 like Mac OS X) AppleWebKit/536.26 (KHTML, like Gecko) Version/6.0 Mobile/10B329 Safari/8536.25 ", 26
Mozilla/5.0 (Windows NT 6.3; Win64; x64; Trident/7.0; rv:11.0) like Gecko/20100101 Firefox/12.0 , 25
WISPR!Microsoft Hotspot Authentication , 25
"Mozilla/5.0 (Linux; U; Android 4.1.2; en-us; SAMSUNG-SGH-I747 Build/JZO54K) AppleWebKit/534.30 (KHTML, like Gecko) Version/4.0 Mobile Safari/534.30 ", 25
CaptiveNetworkSupport-183 wispr , 25
ocspd (unknown version) CFNetwork/520.4.3 Darwin/11.4.2 (x86_64) (MacBookAir5%2C2) , 24
Tumblr/171 CFNetwork/548.1.4 Darwin/11.0.0 , 24
"Mozilla/5.0 (Linux; U; Android 2.3.4; en-us; R800x Build/4.0.2.E.0.57) AppleWebKit/533.1 (KHTML, like Gecko) Version/4.0 Mobile Safari/533.1 ", 24
MSPACheck/1 CFNetwork/520.5.1 Darwin/11.4.2 (x86_64) (MacBookPro6%2C2) , 24
Mozilla/5.0 (compatible; MSIE 9.0; Windows NT 6.1; WOW64; Trident/6.0) , 24
"DropboxDesktopClient/2.0.22 (Macintosh; 10.8; ('i32',); es) ", 24
Syncer/8.00 (unknown) , 23
Dalvik/1.6.0 (Linux; U; Android 4.2.2; SCH-I545 Build/JDQ39) , 23
App%20Store/129.16 CFNetwork/596.5 Darwin/12.5.0 (x86_64) (MacBookAir6%2C2) , 23
Mozilla/5.0 (compatible; MSIE 10.0; Windows NT 6.1; Trident/6.0) , 23
Mozilla/5.0 (compatible; MSIE 10.0; Windows NT 6.2; Trident/6.0; MSAppHost/1.0) , 23
MacAppStore/1.3 (Macintosh; OS X 10.9) AppleWebKit/537.71 , 23
DXCoreService , 22
Instagram 4.2.2 Android (17/4.2.2; 480dpi; 1080x1920; samsung/Verizon; SCH-I545; jfltevzw; qcom; en_US) , 22
G.WinInet 1.1 , 22
Microsoft BITS/7.7 , 22
"Mozilla/5.0 (Macintosh; U; Intel Mac OS X 10_6_8; ja-jp) AppleWebKit/533.21.1 (KHTML, like Gecko) Version/5.0.5 Safari/533.21.1 ", 21
v3inet2/5.6.0.10 , 21
Mozilla/4.0 (compatible; MSADAPI 2.5.4322.0; Windows NT 6.1WOW64; ) , 21
"server-bag [iPhone OS,6.1.3,10B329,iPhone3,1] ", 21
"DropboxDesktopClient/2.4.3 (Macintosh; 10.9; ('i32',); en_US) ", 21
Weico/2.6.9 CFNetwork/672.0.2 Darwin/14.0.0 , 21
Mozilla/5.0 (iPhone; U; CPU iPhone OS 7_0_2 like Mac OS X; en-US) abcplayer/3.0.2 , 21
"Mozilla/5.0 (Windows NT 6.1; WOW64) AppleWebKit/537.36 (KHTML, like Gecko) Chrome/27.0.1453.116 Safari/537.36 ", 21
iTunes/11.0.4 (Macintosh; OS X 10.6.8) AppleWebKit/534.59.8 , 20
Mozilla/4.0 (compatible; MSIE 7.0; Windows NT 6.2; Win64; x64; Trident/6.0; .NET4.0E; .NET4.0C; .NET CLR 3.5.30729; .NET CLR 3.0.30729; .NET CLR 2.0.50727; Tablet PC 2.0; MASPJS) , 19
Windows-RSS-Platform/2.0 (MSIE 10.0; Windows NT 6.1) , 19
Octoshape-sua/1208030 , 19
Speedtest 3.1.2 (iPhone; iPhone OS 6.0.1; en_US) , 19
"com.apple.invitation-registration [Mac OS X,10.8.5,12F45,MacBookAir5,1] ", 19
N360/20.4.0.40 MID/{dLi0CtcaBdnH08/XxuBg2rhjd9o} SID/54plUgAAAAA , 19
UnityPlayer/4.2.0f4 (http://unity3d.com) , 19
"Mozilla/5.0 (Linux; U; Android 4.0.4; en-us; Event Build/IML77) AppleWebKit/534.30 (KHTML, like Gecko) Version/4.0 Mobile Safari/534.30 Connections Optimizer-1.3.534 ", 18
CaptiveNetworkSupport-168 wispr , 18
Android/1.0 (sunfire 4.5.1A-1_SUN-154_6) , 18
Dalvik/1.6.0 (Linux; U; Android 4.1.2; GT-N7100 Build/JZO54K) , 18
PhotoStreamAgent/2.33 CFNetwork/520.5.1 Darwin/11.4.2 (x86_64) (MacBookPro8%2C1) , 18
Mozilla/4.0 (compatible; MSIE 7.0; Windows NT 6.2; WOW64; Trident/6.0; .NET4.0E; .NET4.0C) , 18
"CFNetwork/485.10.2 Darwin/10.3.1 iPhone OS 7.0.2 TeamStream HD (iPad2,2 411 1.9) ", 18
Mozilla/4.0 (Windows; U) Pando/2.6.0.8 , 18
Mozilla/5.0 (Macintosh; Intel Mac OS X 10.6; rv:22.0) Gecko/20100101 Firefox/22.0 , 17
Dalvik/1.6.0 (Linux; U; Android 4.2.1; ASUS Transformer Pad TF700T Build/JOP40D) , 17
Mozilla/5.0 , 17
"itunesstored/1.0 iOS/7.0 model/iPhone4,1 (6; dt:73) ", 17
"DLNADOC/1.50 SEC_HHP_\""[Mobile]SAMSUNG-SGH-I747\""/1.0 ", 17
Mozilla/5.0 (compatible; MSIE 10.0; Windows NT 6.2; Win64; x64; Trident/6.0; MATBJS) , 17
MacAppStore/1.2.2 (Macintosh; U; Intel Mac OS X 10.8.5; ko) AppleWebKit/536.30.1 , 16
"Mozilla/5.0 (iPhone; CPU iPhone OS 5_0 like Mac OS X) AppleWebKit/534.46 (KHTML, like Gecko) Version/5.1 Mobile/9A334 Safari/7534.48.3 ", 16
Sophos%20AutoUpdate/8.0.15 CFNetwork/454.12.4 Darwin/10.8.0 (i386) (MacBookPro5%2C1) , 16
ocspd (unknown version) CFNetwork/520.5.1 Darwin/11.4.2 (x86_64) (MacBookPro9%2C1) , 16
"itunesstored/1.0 iOS/7.0.3 model/iPhone4,1 (6; dt:73) ", 16
GoogleAnalytics/1.3 (iPhone; U; CPU iPhone OS 7.0.2 like Mac OS X; en-jp) , 16
AppleCoreMedia/1.0.0.10A523 (iPhone; U; CPU OS 6_0_1 like Mac OS X; en_us) , 16
GoogleAnalytics/1.5.1 (iPhone; U; CPU iPhone OS 6.1.3 like Mac OS X; en-us) , 16
sogou_ime/6.5.0.9181 , 16
"Instagram 4.0.1 (iPhone3,3; iPhone OS 5_0_1; en_US; en) AppleWebKit/420+ ", 15
greeapp3179/32020 CFNetwork/672.0.2 Darwin/14.0.0 , 15
T84QZS65DQ.com.facebook.Facebook , 15
Snapchat/6.0.1.1 CFNetwork/609.1.4 Darwin/13.0.0 , 15
"Mozilla/5.0 (Linux; U; Android 4.1.2; en-us; LG-LG730 Build/JZO54K) AppleWebKit/534.30 (KHTML, like Gecko) Version/4.0 Mobile Safari/534.30 ", 15
Mozilla/5.0 yuncheng_ppweb/0.0.23 sh_7-1362822-202473523 , 15
iTunes/11.1.1 (Macintosh; OS X 10.9) AppleWebKit/537.71 , 15
WifiHotspot , 14
Syncer/5.00 (ais-1497;p) , 14
Mozilla/4.0 (compatible; MSIE 5.01; Windows NT 5.0; QQMusic P2PClient) , 14
UPnP/1.0 DLNADOC/1.50 Platinum/1.0.4.9 , 14
Android/1.0 (SGH-T769 IMM76D) , 14
Realtor/5.1.2.8798 CFNetwork/609.1.4 Darwin/13.0.0 , 14
DLNADOC/1.50 SEC_HHP_[Mobile]SGH-T999/1.0 , 14
Mozilla/5.0 (compatible; MSIE 10.0; Windows NT 6.2; WOW64; Trident/6.0; MAGWJS; Community Alerts 1.1.4.1 , 14
"DropboxDesktopClient/2.4.2 (Macintosh; 10.7; ('i32',); en_US) ", 13
SogouIMEMiniSetup_imepopup , 13
AlienBlue/2.8.2 CFNetwork/672.0.2 Darwin/14.0.0 , 13
Mozilla/5.0 (Macintosh; Intel Mac OS X 10.9; rv:24.0) Gecko/20100101 Firefox/24.0 , 13
%E6%9C%89%E9%81%93%E8%AF%8D%E5%85%B8/2 CFNetwork/596.4.3 Darwin/12.4.0 (x86_64) (MacBookAir5%2C2) , 13
Mozilla/5.0 (Android; Mobile; rv:19.0) Gecko/19.0 Firefox/19.0 , 13
AnyConnect Agent 3.1.04059 , 12
Mozilla/5.0 (Windows NT 6.3; ARM; Trident/7.0; Touch; MSAppHost/2.0; rv:11.0) like Gecko , 12
"Mozilla/5.0 (Linux; U; Android 4.2.2; en-us; SCH-I545 Build/JDQ39) AppleWebKit/534.30 (KHTML, like Gecko) Version/4.0 Mobile Safari/534.30 ", 12
"Mozilla/5.0 (Macintosh; Intel Mac OS X 10_8_5) AppleWebKit/537.11 (KHTML, like Gecko) Chrome/23.0.1271.101 Safari/537.11 ", 12
AppleCoreMedia/1.0.0.11G63 (Macintosh; U; Intel Mac OS X 10_7_5; de_de) , 12
Dalvik/1.6.0 (Linux; U; Android 4.1.2; XT907 Build/9.8.1Q-78) , 12
stagefright/1.2 (Linux;Android 4.2.2) , 12
Cisco AnyConnect VPN Agent for Mac OS X 3.1.04059 , 12
Apex Launcher/2.1.0 (Linux; U; Android 4.1.2; en-us; GT-N8013 Build/JZO54K) , 12
Speedtest/3.1.2 CFNetwork/609 Darwin/13.0.0 , 12
Mozilla/5.0 (Macintosh; Intel Mac OS X) Microsoft AU Daemon/2.32.0 , 12
ocspd (unknown version) CFNetwork/520.5.1 Darwin/11.4.2 (x86_64) (MacBookAir4%2C1) , 12
Mozilla/4.0 (compatible; MSIE 7.0; Windows NT 6.2; WOW64; Trident/6.0; Touch; .NET4.0E; .NET4.0C; .NET CLR 3.5.30729; .NET CLR 2.0.50727; .NET CLR 3.0.30729; Tablet PC 2.0; MAARJS) , 11
Mozilla/4.0 (compatible; MSIE 6.0; Windows NT 5.1; SV1; .NET CLR 2.0.50727; .NET CLR 3.0.04506.648; .NET CLR 3.5.8888.8888;) , 11
"Fdct-iPhonePlus/3.42 (iPhone OS; 7.0.2; iPhone4,1; fdct/1.99; en-us) ", 11
"server-bag [Mac OS X,10.8.5,12F45,MacBookAir6,2] ", 11
Mozilla/5.0 (compatible; MSIE 10.0; Windows NT 6.2; WOW64; Trident/6.0) , 11
"Instagram 4.1.4 (iPhone3,3; iPhone OS 6_1_3; en_US; en) AppleWebKit/420+ ", 11
ocspd (unknown version) CFNetwork/520.5.1 Darwin/11.4.2 (x86_64) (MacBookPro7%2C1) , 11
PDFExpert/4.3.0.4 CFNetwork/548.1.4 Darwin/11.0.0 , 11
"Mozilla/5.0 (X11; CrOS x86_64 4319.96.0) AppleWebKit/537.36 (KHTML, like Gecko) Chrome/29.0.1547.74 Safari/537.36 ", 11
Spotify-OSX/0.71/90400169 , 11
Dalvik/1.6.0 (Linux; U; Android 4.1.2; SHV-E210K Build/JZO54K) , 11
Android/4.0.4; FFL;SGH-T769 build 85 , 11
MobileAsset/1.0 , 11
"Instagram 4.2.0 (iPhone5,2; iPhone OS 6_1_4; en_US; en) AppleWebKit/420+ ", 11
Weather/1.0 CFNetwork/672.0.2 Darwin/14.0.0 , 11
Mozilla/5.0 (Macintosh; Intel Mac OS X 10.6; rv:21.0) Gecko/20100101 Firefox/21.0 , 11
"DropboxDesktopClient/2.0.26 (Macintosh; 10.6; ('i32',); en_US) ", 11
Dalvik/1.6.0 (Linux; U; Android 4.0.4; DROID BIONIC Build/6.7.2-223_DBN_M4-23) , 11
com.google.android.youtube/5.2.27(Linux; U; Android 4.2.2; en_US; SAMSUNG-SGH-I337 Build/JDQ39) gzip , 10
NAT/1.8.0.32 MID/{pJrc9Bwm8DjQV07kZGkwk3D1HUM} SID/iutmUgAAAAA , 10
SLSSoapClient , 10
ocspd (unknown version) CFNetwork/520.5.1 Darwin/11.4.2 (x86_64) (MacBookAir4%2C2) , 10
Mozilla/4.0 (Windows 7 6.1) Java/1.7.0_40 , 10
"Mozilla/5.0 (Macintosh; U; Intel Mac OS X 10_6_8; en-us) AppleWebKit/533.21.1 (KHTML, like Gecko) Version/5.0.5 Safari/533.21.1 ", 10
Android-Checkin/2.0 (C5133 IML77); gzip , 10
Mail/53 CFNetwork/609.1.4 Darwin/13.0.0 , 10
 , 9
"Mozilla/5.0 (Windows NT 6.0) AppleWebKit/537.36 (KHTML, like Gecko) Chrome/30.0.1599.101 Safari/537.36 ", 9
"Mozilla/5.0 (Macintosh; Intel Mac OS X 10_7_5) AppleWebKit/537.22 (KHTML, like Gecko) Chrome/25.0.1364.172 Safari/537.22 ", 9
Apple-PubSub/65.23 , 9
Mozilla/4.0 (compatible; MSIE 7.0; Windows NT 6.1; Trident/6.0; SLCC2; .NET CLR 2.0.50727; .NET CLR 3.5.30729; .NET CLR 3.0.30729; .NET4.0C) , 9
Mozilla/4.0 (compatible; MSIE 6.0; Win32; DAC) , 9
User-Agent: SogouMobileTool , 9
Dalvik/1.6.0 (Linux; U; Android 4.1.2; GT-I9220 Build/JZO54K) , 9
"Mozilla/5.0 (X11; CrOS armv7l 4537.118.0) AppleWebKit/537.36 (KHTML, like Gecko) Chrome/30.0.1599.101 Safari/537.36 ", 9
Snapchat/6.0.0 CFNetwork/672.0.2 Darwin/14.0.0 , 9
LGMOBILE/4.1.2 UPnP/1.0 DLNADOC/1.50 , 9
Dalvik/1.6.0 (Linux; U; Android 4.1.2; SPH-L710 Build/JZO54K) , 9
Mozilla/4.0 (compatible; MSIE 7.0; Windows NT 6.1; WOW64; Trident/6.0; SLCC2; .NET CLR 2.0.50727; .NET CLR 3.5.30729; .NET CLR 3.0.30729; Media Center PC 6.0; HPNTDF; InfoPath.2; .NET4.0C) , 9
"Mozilla/5.0 (iPod; CPU iPhone OS 6_1_3 like Mac OS X) AppleWebKit/536.26 (KHTML, like Gecko) Mobile/10B329 ", 9
"Mozilla/5.0 (iPhone; CPU iPhone OS 7_0_2 like Mac OS X) AppleWebKit/537.51.1 (KHTML, like Gecko) CriOS/30.0.1599.16 Mobile/11A501 Safari/8536.25 ", 9
DropboxDesktopClient/2.4.2 (Windows; 7; i32; zh_CN) , 9
"Mozilla/5.0 (Linux; U; Android 4.1.2; en-us; SCH-I535 Build/JZO54K) AppleWebKit/534.30 (KHTML, like Gecko) Version/4.0 Mobile Safari/534.30 ", 9
Mozilla/5.0 (compatible; MSIE 10.0; Windows NT 6.1; Win64; x64; Trident/6.0) , 9
Android-YouTube/2 , 9
SeaPort/1.3 , 9
ESS Update (Windows; U; 32bit; VDB 14110; BPC 4.2.71.2; OS: 6.1.7601 SP 1.0 NT; TDB 14110; CH 0.0; LNG 1033; x64c; UPD AUTOSELECT; APP eavbe; BEO 1; CPU 161612; ASP 0.10; FW 0.0; PX 0; PUA 1) , 9
mstreamd/2 CFNetwork/672.0.2 Darwin/14.0.0 , 9
Dalvik/1.6.0 (Linux; U; Android 4.0.4; HTC One X Build/IMM76D) , 8
Mozilla/4.0 (compatible; MSIE 7.0; Windows NT 5.1; Trident/4.0; .NET CLR 2.0.50727; 360space) , 8
SyncML Client 1.2 , 8
Dalvik/1.6.0 (Linux; U; Android 4.0.4; Event Build/IML77) , 8
"Mozilla/5.0 (Linux; U; Android 4.1.2; en-us; LG-LG730 Build/JZO54K) AppleWebKit/534.30 (KHTML, like Gecko) Version/4.0 Mobile Safari/534.30 Connections Optimizer-1.4.416 ", 8
AYClient-32A8691835195A63BEEE254F349479AF0008 , 8
Dalvik/1.6.0 (Linux; U; Android 4.1.2; DROID RAZR HD Build/9.8.1Q-79-1) , 8
Ruby , 8
Pandora/4.5.1 Android/4.2.2 jfltevzw , 8
IPM , 8
"Mozilla/5.0 (Linux; U; Android 4.1.2; en-us; SPH-D710 Build/JZO54K) AppleWebKit/534.30 (KHTML, like Gecko) Version/4.0 Mobile Safari/534.30 Sprint Connections Optimizer-1.3.639 ", 8
"server-bag [iPhone OS,7.0.2,11A501,iPhone4,1] ", 8
FF_INTEGRATEDUPDATEDETECTION , 8
"Mozilla/5.0 (Macintosh; Intel Mac OS X 10_8_4) AppleWebKit/537.36 (KHTML, like Gecko) Chrome/29.0.1547.76 Safari/537.36 ", 8
SCSDK-6.5.15 , 8
"Mozilla/5.0 (Linux; U; Android 4.3; en-us; HTCONE Build/JSS15J) AppleWebKit/534.30 (KHTML, like Gecko) Version/4.0 Mobile Safari/534.30 ", 8
ocspd (unknown version) CFNetwork/520.5.1 Darwin/11.4.2 (x86_64) (MacBookPro8%2C2) , 8
Microsoft-CryptoAPI/5.131.2600.5512 , 7
Mozilla/4.0 (compatible; MSIE 6.0; Win32) , 7
Mozilla/5.0 (X11; Linux x86_64; rv:17.0) Gecko/20130625 Thunderbird/17.0.7 , 7
"Mozilla/5.0 (Windows NT 6.0; WOW64) AppleWebKit/537.36 (KHTML, like Gecko) Chrome/30.0.1599.69 Safari/537.36 ", 7
"Mozilla/5.0 (Macintosh; Intel Mac OS X 10_8_1) AppleWebKit/536.25 (KHTML, like Gecko) ", 7
DoubleClick RProxy/1.0 , 7
App%20Store/129.16 CFNetwork/596.5 Darwin/12.5.0 (x86_64) (MacBookPro9%2C2) , 7
"Mozilla/5.0 (Linux; U; Android 4.0.4; en-us; Event Build/IML77) AppleWebKit/534.30 (KHTML, like Gecko) Version/4.0 Mobile Safari/534.30 ", 7
Mozilla/4.0 (compatible; MSIE 7.0; Windows NT 6.0; Trident/4.0; .NET CLR 2.0.50727; Media Center PC 5.0; .NET CLR 3.0.04506; .NET CLR 3.5.21022) , 7
TalkTo_Andro/1.3.6 , 7
%E6%9C%89%E9%81%93%E8%AF%8D%E5%85%B8/2 CFNetwork/520.5.1 Darwin/11.4.2 (x86_64) (MacBookPro9%2C2) , 7
BAES6XU9E4.com.yelp.yelpiphone , 7
Instagram 4.2.2 Android (17/4.2.2; 320dpi; 720x1280; motorola; XT1080; obake; qcom; en_US) , 7
ocspd (unknown version) CFNetwork/454.12.4 Darwin/10.8.0 (i386) (MacBookPro5%2C5) , 7
SAMSUNG-Android , 7
"Mozilla/5.0 (Linux; Android 4.2.2; SGH-M919 Build/JDQ39) AppleWebKit/537.22 (KHTML, like Gecko) Chrome/25.0.1364.169 Mobile Safari/537.22 ", 7
Akamai NetSession Interface (7c667e9;win;1.8.9.2;Win7) , 7
Facebook Update/1.2.205.0;winhttp;cup , 7
4QN5C7882H.com.apple.mobileme.fmf1 , 7
SogouIME_newspopup , 7
"DropboxDesktopClient/2.4.2 (Macintosh; 10.6; ('i32',); en_US) ", 7
CaptiveNetworkSupport-166 wispr , 7
Dalvik/1.6.0 (Linux; U; Android 4.0.4; ST26a Build/11.0.A.7.10) , 7
SeaPort/7.2 , 7
"Mozilla/5.0 (iPhone; CPU iPhone OS 7_0_3 like Mac OS X) AppleWebKit/537.51.1 (KHTML, like Gecko) Mobile/11B511 ", 7
"Mozilla/5.0 (Linux; U; Android 4.0.4; en-us; LG-MS770 Build/IMM76I) AppleWebKit/534.30 (KHTML, like Gecko) Version/4.0 Mobile Safari/534.30 ", 7
"Mozilla/5.0 (Linux; Android 4.2.2; SAMSUNG-SGH-I337 Build/JDQ39) AppleWebKit/537.36 (KHTML, like Gecko) Chrome/30.0.1599.82 Mobile Safari/537.36 ", 7
sogouIme , 7
Mozilla/5.0 (Macintosh; Intel Mac OS X) Microsoft AutoUpdate/2.32.0 , 6
AndroidDownloadManager/4.3 (Linux; U; Android 4.3; Nexus 4 Build/JWR66Y) , 6
tEi7RdPZHXPIzGcAJJExOoO/W3UMDNoUgAAAAALUE , 6
"Mozilla/5.0 (Linux; U; Android 4.1.2; en-us; SPH-L710 Build/JZO54K) AppleWebKit/534.30 (KHTML, like Gecko) Version/4.0 Mobile Safari/534.30 ", 6
Instagram 4.2.2 Android (16/4.1.2; 320dpi; 720x1280; samsung/Verizon; SCH-I535; d2vzw; qcom; en_US) , 6
ESS Update (Windows; U; 32bit; VDB 15588; BPC 4.2.71.2; OS: 6.1.7601 SP 1.0 NT; TDB 15588; CH 0.0; LNG 1033; x64c; APP eavbe; BEO 1; ASP 0.10; FW 0.0; PX 0; PUA 1; RA 0) , 6
"Mozilla/5.0 (Linux; U; Android 2.3.4; en-us; MB855 Build/4.5.1A-1_SUN-154_6) AppleWebKit/533.1 (KHTML, like Gecko) Version/4.0 Mobile Safari/533.1 ", 6
Appupdate model , 6
Dalvik/1.4.0 (Linux; U; Android 2.3.7; LG-VM696 Build/ZV5.GWK74) , 6
Pandora/4.5.1 Android/4.2.1 toroplus , 6
SOGOU_UPDATER , 6
Sunbelt , 6
"DropboxDesktopClient/2.4.2 (Macintosh; 10.9; ('i32',); ja) ", 6
Android-Checkin/2.0 (flo JSS15R); gzip , 6
Android-Wifi/0.1 , 6
MI 2SC; MIUI/JLB21.0 , 6
Mozilla/4.0 (compatible; MSIE 7.0; Windows NT 6.1; SLCC2; .NET CLR 2.0.50727; .NET CLR 3.5.30729; .NET CLR 3.0.30729; Media Center PC 6.0; .NET4.0C; .NET4.0E; InfoPath.2; BRI/2; KB974488) , 6
"Mozilla/5.0 (Linux; U; Android 4.2.2; en-us; XT1080 Build/12.9.0Q2.X-160-OBK_TA-14-7) AppleWebKit/534.30 (KHTML, like Gecko) Version/4.0 Mobile Safari/534.30 ", 6
ZillowMap/7.0.514 CFNetwork/609.1.4 Darwin/13.0.0 , 6
"Mozilla/5.0 (X11; Linux x86_64) AppleWebKit/537.36 (KHTML, like Gecko) Ubuntu Chromium/28.0.1500.71 Chrome/28.0.1500.71 Safari/537.36 ", 6
GCSL GCSP 2.0 , 6
"Mozilla/5.0 (iPhone; CPU iPhone OS 6_1 like Mac OS X) AppleWebKit/536.26 (KHTML, like Gecko) Mobile/10B141 ", 6
SJLGCOFFEE/1.0.2 CFNetwork/609.1.4 Darwin/13.0.0 , 6
htmlayout 3.3; Windows-7; www.terrainformatica.com ) , 6
Mozilla/5.0 (iPhone; U; CPU iPhone OS 6_1_3 like Mac OS X; en-US) Realtor/5.1.2.8798 , 5
Software%20Update/271 CFNetwork/454.12.4 Darwin/10.8.0 (i386) (MacBook7%2C1) , 5
Valve/Steam HTTP Client 1.0 , 5
Android-Checkin/2.0 (d2vzw JZO54K); gzip , 5
"[FBAN/FB4A;FBAV/3.7;FBBV/381878;FBDM/{density=3.0,width=1080,height=1920};FBLC/en_US;FBCR/Verizon Wireless;FBPN/com.facebook.katana;FBDV/SCH-I545;FBSV/4.2.2;FBCA/armeabi-v7a:armeabi;] ", 5
"Mozilla/5.0 (iPhone; U; CPU iPhone OS 3_2 like Mac OS X; en-us) AppleWebKit/531.21.10 (KHTML, like Gecko) Mobile/7W367a Safari/531.21.10 ", 5
WindowsLiveExperienceConfigurationCabDownload , 5
Dalvik/1.6.0 (Linux; U; Android 4.2.2; SGH-M919 Build/JDQ39) , 5
BlueStacks , 5
stats-client/1.0 , 5
"DropboxDesktopClient/2.4.2 (Macintosh; 10.9; ('i32',); en_US) ", 5
DropboxDesktopClient/2.2.13 (Windows; 8; i32; en_US) , 5
Dalvik/1.6.0 (Linux; U; Android 4.3; Nexus 7 Build/JWR66Y) , 5
%E9%87%91%E5%B1%B1%E8%AF%8D%E9%9C%B8/1000 CFNetwork/454.12.4 Darwin/10.8.0 (i386) (MacBookAir2%2C1) , 5
SOGOU_POPUP_NEWS , 5
Mozilla/4.0 (compatible; MSIE 7.0; Windows NT 6.1; WOW64; Trident/6.0; SLCC2; .NET CLR 2.0.50727; .NET CLR 3.5.30729; .NET CLR 3.0.30729; Media Center PC 6.0; BRI/2; .NET4.0C; AskTbORJ/5.15.23.36191; .NET4.0E) , 5
BingBar 7.2.241.0 , 5
Hype%20Machine/2.2 CFNetwork/609.1.4 Darwin/13.0.0 , 5
Mozilla/4.0 (compatible; Win32; WinHttp.WinHttpRequest.5) , 5
"Mozilla/5.0 (Macintosh; Intel Mac OS X 10_8_5) AppleWebKit/537.36 (KHTML, like Gecko) Chrome/27.0.1453.116 Safari/537.36 ", 5
Tumblr/iPhone/3.4.3/171 , 5
"server-bag [Mac OS X,10.8.5,12F45,MacBookPro9,2] ", 5
Dalvik/1.6.0 (Linux; U; Android 4.1.1; MI 2SC MIUI/JLB21.0) , 5
Apache-HttpClient/UNAVAILABLE (java 1.4) 3gpp-gba , 5
LINE/3.9.2 CFNetwork/672.0.2 Darwin/14.0.0 , 5
DLNADOC/1.50 SEC_HHP_[Mobile]SCH-I535/1.0 , 5
"SophosAutoUpdate/2.7.8.335 SDDS/1.0 (u=\""ICS\\sophos.mgr\"" c=\""d857666d-bc52-4ca9-9416-f7947c3258aa\"") ", 5
"Instagram 4.2.2 (iPhone4,1; iPhone OS 6_1_3; en_US; en) AppleWebKit/420+ ", 5
"Mozilla/5.0 (Linux; U; Android 4.0.4; en-us; VS840 4G Build/IMM76D) AppleWebKit/534.30 (KHTML, like Gecko) Version/4.0 Mobile Safari/534.30 ", 5
Java/Java 7 Update 45 Sparkle/1.5 , 5
Mozilla/4.0 (compatible; MSIE 5.01; Windows NT 5.00; MP222) , 4
Mozilla/4.0 (compatible; MSIE 7.0; Windows NT 6.1; Win64; x64; Trident/6.0; .NET CLR 2.0.50727; SLCC2; .NET CLR 3.5.30729; .NET CLR 3.0.30729; .NET4.0C; .NET4.0E) , 4
Dalvik/1.6.0 (Linux; U; Android 4.2.1; Galaxy Nexus Build/JOP40D) , 4
fooducatePlus/3.42 CFNetwork/672.0.2 Darwin/14.0.0 , 4
Mozilla/5.0 (compatible; MSIE 10.0; Windows NT 6.2; Win64; x64; Trident/6.0; MAGWJS) , 4
"Mozilla/5.0 (Linux; U; Android 4.2.2; en-us; SGH-M919 Build/JDQ39) AppleWebKit/534.30 (KHTML, like Gecko) Version/4.0 Mobile Safari/534.30 ", 4
MobileSafari/9537.53 CFNetwork/672.0.2 Darwin/14.0.0 , 4
Rainmeter WebParser plugin , 4
Dalvik/1.6.0 (Linux; U; Android 4.1.2; GT-I9100 Build/JZO54K) , 4
Dalvik/1.6.0 (Linux; U; Android 4.3; HTCONE Build/JSS15J) , 4
Mozilla/4.0 (Windows 7 6.1) Java/1.7.0_45 , 4
Java/1.7.0_25 , 4
iTunes/11.0.3 (Macintosh; OS X 10.7.5) AppleWebKit/534.57.7 , 4
com.apple.Maps , 4
ESS Update (Windows; U; 32bit; PVT F; VDB 15573; BPC 6.0.316.0; OS: 6.2.9200 SP 0.0 NT; TDB 15573; CL 0.0.0; LNG 1033; x64c; APP eav; BEO 1; ASP 0.10; PX 0; PUA 1; RA 0; HWF: 01004573-C01E-2B3F-09C4-978EE2444569) , 4
Mozilla/4.0 (compatible; MSIE 7.0; Windows NT 6.1; WOW64; Trident/6.0; SLCC2; .NET CLR 2.0.50727; .NET CLR 3.5.30729; .NET CLR 3.0.30729; InfoPath.2; MASN) , 4
WinHttpClient , 4
"DropboxDesktopClient/2.0.26 (Macintosh; 10.8; ('i32',); zh_CN) ", 4
reddit is fun (Android) 3.0.11 , 4
NIS/20.4.0.40/Win , 4
"DropboxDesktopClient/2.4.3 (Macintosh; 10.8; ('i32',); en_US) ", 4
W8894MQD42.com.move.Realtor , 4
"Mozilla/5.0 (Linux; U; Android 2.3.4; en-us; LG-C800 Build/GRJ22) AppleWebKit/533.1 (KHTML, like Gecko) Version/4.0 Mobile Safari/533.1 MMS/LG-Android-MMS-V1.0/1.2 ", 4
Spotify-Win32/0.71/90400185 , 4
Mozilla/5.0 (compatible; MSIE 10.0; Windows NT 6.1; WOW64; Trident/6.0) LBBROWSER , 4
supdate/0.15.10.0 , 4
Borland SOAP 1.2 , 4
ESS Update (Windows; U; 32bit; VDB 15635; BPC 4.2.71.2; OS: 6.1.7601 SP 1.0 NT; TDB 15635; CH 0.0; LNG 1033; x64c; APP eavbe; BEO 1; ASP 0.10; FW 0.0; PX 0; PUA 1; RA 0) , 4
AssistantServices/1 CFNetwork/672.0.2 Darwin/14.0.0 , 4
N360/20.4.0.40 MID/{8531XvMGcggRagb4PbMDg5HWVQ8} SID/p+1mUgAAAAA , 4
Microsoft-ATL-Native/10.00 , 4
Android-Checkin/2.0 (grouper JWR66Y); gzip , 4
NIS/19.1.0.28 MID/{whMKjsExQehEZ1SPkWqG6YVBeyo} SID//upmUgAAAAA , 4
"Mozilla/5.0 (Macintosh; Intel Mac OS X 10_6_8) AppleWebKit/534.59.8 (KHTML, like Gecko) ", 4
iTunes/11.1 (Macintosh; OS X 10.6.8) AppleWebKit/534.59.10 , 4
Microsoft Office/14.0 (Windows NT 6.1; Microsoft Outlook 14.0.4760; Pro) , 4
NSPlayer/11.08.0005.0000 , 4
"itunesstored/1.0 iOS/7.0.2 model/iPhone4,1 (6; dt:73) ", 4
Mozilla/5.0 (compatible; MSIE 10.0; Windows NT 6.2; Win64; x64; Trident/6.0; Touch; ASU2JS) , 4
"Mozilla/5.0 (Macintosh; Intel Mac OS X 10_5_8) AppleWebKit/537.1 (KHTML, like Gecko) Chrome/21.0.1180.90 Safari/537.1 ", 4
Mozilla/4.0 (compatible; MSIE 7.0; Windows NT 5.1; .NET CLR 2.0.50727) , 4
"Mozilla/5.0 (Linux; Android 4.3; Nexus 7 Build/JWR66Y) AppleWebKit/537.36 (KHTML, like Gecko) Chrome/30.0.1599.82 Safari/537.36 ", 4
Dalvik/1.6.0 (Linux; U; Android 4.1.1; HTC6435LVW Build/JRO03C) , 4
N360/20.4.0.40 MID/{8531XvMGcggRagb4PbMDg5HWVQ8} SID/TetmUgAAAAA , 4
iTunes/11.1 (Macintosh; OS X 10.8.5) AppleWebKit/536.30.1 , 4
Dalvik/1.2.0 (Linux; U; Android 2.2.2; LG-LU6800 Build/FRG83G) , 4
"Mozilla/5.0 (iPhone; CPU iPhone OS 6_0_1 like Mac OS X) AppleWebKit/536.26 (KHTML, like Gecko) Mobile/10A525 ", 3
"server-bag [iPhone OS,5.1.1,9B206,iPhone4,1] ", 3
Mozilla/4.0 (compatible; MSIE 7.0; Windows NT 5.1;Miser Report) , 3
"Mozilla/5.0 (iPhone; CPU iPhone OS 7_0 like Mac OS X) AppleWebKit/537.51.1 (KHTML, like Gecko) Version/7.0 Mobile/11A465 Safari/9537.53 ", 3
Mozilla/5.0 (Android; Tablet; rv:24.0) Gecko/24.0 Firefox/24.0 , 3
Windows-Update-Agent/4.0 , 3
"Mozilla/5.0 (iPad; CPU OS 7_0_3 like Mac OS X) AppleWebKit/537.51.1 (KHTML, like Gecko) Mobile/11B511 Google Play Books/1.6.1.8424 ", 3
"Mozilla/5.0 (Macintosh; Intel Mac OS X 10_8_2) AppleWebKit/537.36 (KHTML, like Gecko) Chrome/27.0.1453.110 Safari/537.36 ", 3
Opera/9.80 (X11; Linux x86_64) Presto/2.12.388 Version/12.16 , 3
ocspd (unknown version) CFNetwork/454.12.4 Darwin/10.8.0 (i386) (MacBookPro7%2C1) , 3
"Mozilla/5.0 (Linux; U; Android 4.1.2; en-us; SPH-D710 Build/JZO54K) AppleWebKit/534.30 (KHTML, like Gecko) Version/4.0 Mobile Safari/534.30 ", 3
Mozilla/4.0 (compatible; MSIE 10.0; Windows NT 6.1; Rising) , 3
Apple iPhone v7.0.2 Stocks v3.0.11A501 , 3
CustomAgent , 3
Dalvik/1.2.0 (Linux; U; Android 2.2.1; SAMSUNG-SGH-I997 Build/FROYO) , 3
Dalvik/1.4.0 (Linux; U; Android 2.3.6; SCH-I405 Build/GINGERBREAD) , 3
Android Mobile , 3
Software%20Update (unknown version) CFNetwork/454.12.4 Darwin/10.8.0 (i386) (MacBookPro5%2C5) , 3
DING , 3
"server-bag [Mac OS X,10.8.5,12F37,MacBookPro5,5] ", 3
IIC2.0/PC 4.7.3800 , 3
Wolfram Android App/1.3.0.4590401 , 3
KwsAgent , 3
SogouIMEMiniSetup_RandSkin , 3
eBayiPhone/3.0.2 , 3
Xtreme Labs Android HTTP Framework on device with Android OS 4.2.2 , 3
"Mozilla/5.0 (Macintosh; Intel Mac OS X 10_7_4) AppleWebKit/534.57.5 (KHTML, like Gecko) ", 3
XProtectUpdater (unknown version) CFNetwork/520.5.1 Darwin/11.4.2 (x86_64) (MacBookPro8%2C1) , 3
"Mozilla/5.0 (iPad; CPU OS 7_0 like Mac OS X) AppleWebKit/537.51.1 (KHTML, like Gecko) Mobile/11A465 ", 3
Mail/53 CFNetwork/672.0.2 Darwin/14.0.0 , 3
Dalvik/1.6.0 (Linux; U; Android 4.0.3; KFTT Build/IML74K) , 3
Mozilla/4.0 (compatible; MSIE 7.0; Windows NT 6.1; Trident/6.0; SLCC2; .NET CLR 2.0.50727; .NET CLR 3.5.30729; .NET CLR 3.0.30729; InfoPath.2; .NET4.0C; Tablet PC 2.0; MALC; TheWorld) , 3
"Mozilla/5.0 (Macintosh; Intel Mac OS X 10_8_2) AppleWebKit/537.36 (KHTML, like Gecko) Chrome/29.0.1547.76 Safari/537.36 ", 3
Mozilla/5.0 (compatible; MSIE 10.0; Windows NT 6.1; WOW64; Trident/6.0; KB974488) , 3
"Mozilla/5.0 (Linux; U; Android 4.3; nb-no; Nexus 4 Build/JWR66Y) AppleWebKit/534.30 (KHTML, like Gecko) Version/4.0 Mobile Safari/534.30 (Mobile; afma-sdk-a-v6.2.1) ", 3
DLNADOC/1.50 SEC_HHP_[Mobile]SAMSUNG-SGH-I747/1.0 , 3
"Mozilla/4.0 (compatible; MSIE 6.0; Windows NT 6.2; Win64; .NET4.0E; .NET4.0C; .NET CLR 3.5.30729; .NET CLR 3.0.30729; .NET CLR 2.0.50727; Tablet PC 2.0; InfoPath.3; IDCRL 8.0.1132.0; IDCRL-cfg 15.0.22120.0; App svchost.exe, 6.2.9200.16420, {DF60E2DF-88AD-4526-AE21-83D130EF0F68}) ", 3
Devicescape-Agent/4.3.145 (Android - c195ea44-94cc-2ddd-83e5-978ecb495e06) tmobile_wispr1 , 3
"MOT-XT907/ Mozilla/5.0 (Linux; U; Android 4.1.2; en-us; XT907 Build/9.8.1Q-66) 1617 AppleWebKit/533.1 (KHTML, like Gecko) Version/4.0 Mobile Safari/533.1 ", 3
"Mozilla/5.0 (Macintosh; Intel Mac OS X 10_8_1) AppleWebKit/536.25 (KHTML, like Gecko) Version/6.0 Safari/536.25 ", 3
"Mozilla/5.0 (iPhone; CPU iPhone OS 6_0 like Mac OS X) AppleWebKit/536.26 (KHTML, like Gecko) Mobile/10A403 ", 3
QQAndroidAssistSDK , 3
"Mozilla/5.0 (Linux; U; Android 4.1.1; en-us; SAMSUNG-SGH-I747 Build/JRO03L) AppleWebKit/534.30 (KHTML, like Gecko) Version/4.0 Mobile Safari/534.30 GSA/2.0.0.438695 ", 3
Mozilla/4.0 (compatible; MSIE 5.5; Win32) , 3
ocspd (unknown version) CFNetwork/520.5.1 Darwin/11.4.2 (x86_64) (MacBookPro5%2C4) , 3
"Mozilla/5.0 (Windows NT 6.1; WOW64) AppleWebKit/537.17 (KHTML, like Gecko) Chrome/24.0.1312.57 Safari/537.17 QIHU 360EE ", 3
"Mozilla/5.0 (Linux; Android 4.2.2; en-us; SAMSUNG SGH-M919 Build/JDQ39) AppleWebKit/535.19 (KHTML, like Gecko) Version/1.0 Chrome/18.0.1025.308 Mobile Safari/535.19 ", 3
NIS/19.1.0.28 MID/{whMKjsExQehEZ1SPkWqG6YVBeyo} SID/6ZRpUgAAAAA , 3
N360/20.4.0.40 MID/{dLi0CtcaBdnH08/XxuBg2rhjd9o} SID/8pBlUgAAAAA LUE/1.9.4.2 (Windows;6.1;SP0.0;X64;ENU) , 3
"MOT-DROID RAZR HD/ Mozilla/5.0 (Linux; U; Android 4.1.2; en-us; DROID RAZR HD Build/9.8.1Q-79-1) 1617 AppleWebKit/533.1 (KHTML, like Gecko) Version/4.0 Mobile Safari/533.1 ", 3
MApi 1.0 (com.dianping.v1 5.7 tg_fufei_baidushichang GT-N7100; Android 4.1.2) , 3
SPOC , 3
%E6%9C%89%E9%81%93%E8%AF%8D%E5%85%B8/2 CFNetwork/596.5 Darwin/12.5.0 (x86_64) (MacBookPro10%2C2) , 3
"Mozilla/5.0 (Linux; U; Android 4.2.2; en-us; SPH-L720 Build/JDQ39) AppleWebKit/534.30 (KHTML, like Gecko) Version/4.0 Mobile Safari/534.30 ", 3
DLNADOC/1.50 SEC_HHP_AndroidP2P6955/1.0 , 3
Dalvik/1.6.0 (Linux; U; Android 4.0.4; HTC Incredible S Build/IMM76D) , 3
ocspd (unknown version) CFNetwork/520.4.3 Darwin/11.4.0 (x86_64) (MacBookPro8%2C1) , 3
Instagram 4.2.1 Android (16/4.1.2; 240dpi; 480x800; samsung; SPH-D710; SPH-D710; smdk4210; en_US) , 3
Dalvik/1.6.0 (Linux; U; Android 4.0.4; SPH-D710 Build/IMM76I) , 3
Dalvik/1.6.0 (Linux; U; Android 4.0.3; HTC One V Build/IML74K) , 3
sogou_ime , 3
Dalvik/1.6.0 (Linux; U; Android 4.1.2; SPH-D710 Build/JZO54K) , 3
Microsoft Office/15.0 (Windows NT 6.1; Microsoft Word 15.0.4505; Pro) , 3
Akamai NetSession Interface (8fa3539;win;1.8.9.2;Win7) , 3
Dalvik/1.6.0 (Linux; U; Android 4.1.2; GT-N8013 Build/JZO54K) , 3
aosnotifyd (unknown version) CFNetwork/596.5 Darwin/12.5.0 (x86_64) (MacBookPro9%2C2) , 3
Mozilla/4.0 (compatible; MSIE 7.0; Windows NT 6.1; Trident/6.0; SLCC2; .NET CLR 2.0.50727; .NET CLR 3.5.30729; .NET CLR 3.0.30729; InfoPath.2; .NET4.0C; Tablet PC 2.0; MALC) , 3
UpdaterService/1.0 , 3
XProtectUpdater (unknown version) CFNetwork/520.5.1 Darwin/11.4.2 (x86_64) (MacBookPro6%2C2) , 3
Dalvik/1.6.0 (Linux; U; Android 4.2.2; XT1080 Build/12.9.0Q2.X-160-OBK_TA-14-7) , 3
Snapchat/6.0.1.1 CFNetwork/672.0.2 Darwin/14.0.0 , 3
"Mozilla/5.0 (Windows NT 6.1; WOW64) AppleWebKit/537.1 (KHTML, like Gecko) Chrome/21.0.1180.92 Safari/537.1 LBBROWSER ", 3
Mozilla/5.0 (Linux; U; Android 4.0.4; en-us; SGH-T769) FFL/3.1.11 , 3
Mozilla/4.0 (compatible; MSIE 7.0; Windows NT 6.1; Win64; x64; Trident/5.0; .NET CLR 2.0.50727; SLCC2; .NET CLR 3.5.30729; .NET CLR 3.0.30729; Media Center PC 6.0; .NET4.0C; .NET4.0E) , 3
"server-bag [iPhone OS,7.0.2,11A501,iPhone3,1] ", 2
"itunesstored/1.0 iOS/7.0.2 model/iPhone6,1 (6; dt:89) ", 2
my , 2
AtlasPing , 2
ocspd (unknown version) CFNetwork/454.12.4 Darwin/10.8.0 (x86_64) (MacBookPro8%2C2) , 2
Mozilla/5.0 ( , 2
"Mozilla/5.0 (Macintosh; U; Intel Mac OS X 10_6_7; en-us) AppleWebKit/533.21.1 (KHTML, like Gecko) Version/5.0.5 Safari/533.21.1 ", 2
SogouIMEMiniSetup_skinrecommend , 2
XProtectUpdater (unknown version) CFNetwork/596.5 Darwin/12.5.0 (x86_64) (MacBookPro7%2C1) , 2
"Groupon/2.8.1 (8455) (iOS 6.1.3; iPhone4,1; T-Mobile) ", 2
Mozilla/5.0 (compatible; MSIE 10.0; Windows NT 6.2; WOW64; Trident/6.0; MAGWJS; CT3310511_ACTID_CT3310511_6.16.1.9) , 2
"Mozilla/5.0 (Linux; U; Android 4.3; nb-no; Nexus 4 Build/JWR66Y) AppleWebKit/534.30 (KHTML, like Gecko) Version/4.0 Mobile Safari/534.30 GSA/2.8.8.849369.arm ", 2
"DropboxDesktopClient/2.2.13 (Macintosh; 10.8; ('i32',); en_US) ", 2
BJHttp_WinHttp/2.0 , 2
"Mozilla/5.0 (Linux; U; Android 4.1.2; zh-cn; GT-N7100 Build/JZO54K) AppleWebKit/534.30 (KHTML, like Gecko) Version/4.0 Mobile Safari/534.30 ", 2
"Mozilla/4.0 (compatible; MSIE 6.0; Windows NT 6.2; Win64; .NET4.0E; .NET4.0C; .NET CLR 3.5.30729; .NET CLR 3.0.30729; .NET CLR 2.0.50727; InfoPath.3; IDCRL 8.0.1132.0; IDCRL-cfg 14.500.21648.0; App svchost.exe, 6.2.9200.16420, {DF60E2DF-88AD-4526-AE21-83D130EF0F68}) ", 2
Team%20Stream/411 CFNetwork/672.0.2 Darwin/14.0.0 , 2
WATClient , 2
Microsoft Office/15.0 (Windows NT 6.2; Microsoft Word 15.0.4535; Pro) , 2
"[FBAN/FB4A;FBAV/3.7;FBBV/381878;FBDM/{density=3.0,width=1080,height=1920};FBLC/en_US;FBCR/Sprint;FBPN/com.facebook.katana;FBDV/HTCONE;FBSV/4.3;FBCA/armeabi-v7a:armeabi;] ", 2
Mozilla/5.0 (compatible; MSIE 8.0; Windows NT 6.1; QQPCMgr7.0) , 2
Apache-HttpClient/Android , 2
iTunes-iPhone/6.1.3 (6; 32GB; dt:73) , 2
SpringBoard/50 CFNetwork/672.0.2 Darwin/14.0.0 , 2
Windows Store/1.0 , 2
"DropboxDesktopClient/2.0.24 (Macintosh; 10.7; ('i32',); en_US) ", 2
Dalvik/1.6.0 (Linux; U; Android 4.0.4; VS840 4G Build/IMM76D) , 2
ocspd (unknown version) CFNetwork/520.5.1 Darwin/11.4.2 (x86_64) (MacBookAir5%2C2) , 2
stagefright/1.2 (Linux;Android 4.2.1) , 2
XProtectUpdater (unknown version) CFNetwork/596.5 Darwin/12.5.0 (x86_64) (MacBookAir6%2C2) , 2
AdSheet/1.0 CFNetwork/609 Darwin/13.0.0 , 2
BN_USER_AGENT , 2
N360/21.1.0.18/Win , 2
iTunes-iPhone/6.1.3 (4; 32GB; dt:27) , 2
N360/20.4.0.40 MID/{dLi0CtcaBdnH08/XxuBg2rhjd9o} SID/+4plUgAAAAA LUE/1.9.4.2 (Windows;6.1;SP0.0;X64;ENU) , 2
"server-bag [Mac OS X,10.9,13A603,MacBookPro9,2] ", 2
Tapped%20Out/4.5.0 CFNetwork/672.0.2 Darwin/14.0.0 , 2
Snapchat/5.0.0 CFNetwork/609.1.4 Darwin/13.0.0 , 2
securityd (unknown version) CFNetwork/609.1.4 Darwin/13.0.0 , 2
iTunes-iPhone/6.1.3 (6; 16GB; dt:73) , 2
XProtectUpdater (unknown version) CFNetwork/596.5 Darwin/12.5.0 (x86_64) (MacBookPro9%2C2) , 2
Pandora/4.5.1 Android/4.0.4 SPH-D710 , 2
AVGINET13-WV8HX64 130FREE AVI=3222/6776 BUILD=3426 MSI=3426 LOC=1033 LIC=4U2YC-94MAQ-R4QVG-AAAC3-TUJQS-K DIAG=1D041250 OPF=0 PCA= EVA=2 EDA=20130525060723 BRD=cm10-0-0 BRH=cm10 , 2
Mozilla/4.0 (compatible; MSIE 5.00; Windows 98) , 2
NIS/20.4.0.40 MID/{lwqHzX+D2yZ2aBLc87YRIIdN7ls} SID/p+1mUgAAAAA SEQ/131022016 , 2
ocspd (unknown version) CFNetwork/454.12.4 Darwin/10.8.0 (i386) (MacBookPro6%2C2) , 2
Mozilla/4.0 (compatible; MSIE 7.0; Windows NT 6.1; Win64; x64; Trident/6.0; .NET CLR 2.0.50727; SLCC2; .NET CLR 3.5.30729; .NET CLR 3.0.30729; MASN) , 2
QuickTime/7.6.4 (qtver=7.6.4;cpu=IA32;os=Mac 10.5.8) , 2
"server-bag [iPhone OS,6.1.2,10B146,iPhone4,1] ", 2
"itunesstored/1.0 iOS/7.0.2 model/iPhone3,1 (4; dt:27) ", 2
SogouIMEMiniSetup_skinchannel , 2
Skype/4.10.0.332 CFNetwork/609.1.4 Darwin/13.0.0 , 2
AppleDictionaryService/184.4 , 2
"Mozilla/5.0 (Linux; U; Android 4.1.1; en-us; SAMSUNG-SGH-I747 Build/JRO03L) AppleWebKit/534.30 (KHTML, like Gecko) Version/4.0 Mobile Safari/534.30 ", 2
Android QQMail HTTP Client , 2
"Mozilla/5.0 (iPad; CPU OS 7_0_3 like Mac OS X) AppleWebKit/537.51.1 (KHTML, like Gecko) Mobile/11B511 ", 2
NobuAgent-2.2.3.45?vender=nobu&filepicker=false , 2
NIS/20.4.0.40 MID/{lwqHzX+D2yZ2aBLc87YRIIdN7ls} SID/mfJmUgAAAAA , 2
Mozilla/5.0 (Windows NT 6.3; ARM; Trident/7.0; rv:11.0) like Gecko/20100101 Firefox/12.0 , 2
Microsoft-CryptoAPI/6.0 , 2
ocspd (unknown version) CFNetwork/454.12.4 Darwin/10.8.0 (i386) (MacBookPro5%2C1) , 2
ocspd (unknown version) CFNetwork/454.12.4 Darwin/10.8.0 (i386) (MacBookAir2%2C1) , 2
iTunes/11.1.1 (Macintosh; OS X 10.7.5) AppleWebKit/534.57.7 , 2
Mozilla/4.0 (compatible; MSIE 7.0; Windows NT 6.1; WOW64; Trident/5.0; SLCC2; .NET CLR 2.0.50727; .NET CLR 3.5.30729; .NET CLR 3.0.30729; Media Center PC 6.0; .NET4.0C; .NET4.0E; NP06) , 2
AntiVirus (2.3.4) MacOS X Version 10.7.5 (Build 11G63b) , 2
Mozilla/5.0 (Macintosh; Intel  , 2
iOS/6.1.3 (10B329) dataaccessd/1.0 , 2
Dalvik/1.6.0 (Linux; U; Android 4.1.1; HTC One X Build/JRO03C) , 2
Android/1.0 (R800x 4.0.2.E.0.57) , 2
"Mozilla/5.0 (iPad; CPU OS 7_0_2 like Mac OS X) AppleWebKit/537.51.1 (KHTML, like Gecko) Mobile/11A501 ", 2
HyperDock/1.3.5.624 Sparkle/449b00e , 2
YoudaoDictPro/4.2.0 CFNetwork/672.0.2 Darwin/14.0.0 , 2
Python-urllib/3.3 , 2
Twisted PageGetter , 2
"Mozilla/5.0 (Linux; U; Android 4.3; en-us; Nexus 7 Build/JWR66Y) AppleWebKit/534.30 (KHTML, like Gecko) Version/4.0 Safari/534.30 ", 2
Mozilla/5.0 (compatible; MSIE 10.0; Windows NT 6.2; Win64; x64; Trident/6.0) , 2
Dalvik/1.6.0 (Linux; U; Android 4.1.1; HTC J Z321e Build/JRO03C) , 2
N360/20.4.0.40 MID/{8531XvMGcggRagb4PbMDg5HWVQ8} SID/TetmUgAAAAA LUE/1.9.4.2 (Windows;6.1;SP1.0;X64;ENU) , 2
Dalvik/1.6.0 (Linux; U; Android 4.0.4; SGH-T769 Build/IMM76D) , 2
XProtectUpdater (unknown version) CFNetwork/596.5 Darwin/12.5.0 (x86_64) (MacBookPro10%2C2) , 2
"Mozilla/5.0 (Linux; U; Android 4.0.4; en-us; SPH-D710 Build/IMM76I) AppleWebKit/534.30 (KHTML, like Gecko) Version/4.0 Mobile Safari/534.30 ", 2
AppleCoreMedia/1.0.0.10B329 (iPod; U; CPU OS 6_1_3 like Mac OS X; en_us) , 2
"Mozilla/5.0 (Windows; U; en) AppleWebKit/533.19.4 (KHTML, like Gecko) AdobeAIR/3.7 ", 2
Microsoft Office/12.0 (Windows NT 6.1; Microsoft Office Word 12.0.6683; Pro) , 2
locationd (unknown version) CFNetwork/454.12.4 Darwin/10.8.0 (i386) (MacBookPro7%2C1) , 2
%E6%9C%89%E9%81%93%E8%AF%8D%E5%85%B8/2 CFNetwork/520.5.1 Darwin/11.4.2 (x86_64) (MacBookAir5%2C2) , 2
Dalvik/1.6.0 (Linux; U; Android 4.1.2; LG-P769 Build/JZO54K) , 2
Mozilla/5.0 (compatible; MSIE 9.0; Windows NT 6.1; Trident/5.0) , 2
Install Stub , 2
MicroMessenger/5.0.1.0 CFNetwork/609.1.4 Darwin/13.0.0 , 2
HPSF-7.0.39.15-3.101.64.0 , 2
Mozilla/4.0 (compatible; MSIE 7.0; Windows NT 5.1; Trident/4.0; .NET CLR 2.0.50727; 360se) , 2
"Mozilla/5.0 (Linux; U; Android 4.2.1; en-us; Galaxy Nexus Build/JOP40D) AppleWebKit/534.30 (KHTML, like Gecko) Version/4.0 Mobile Safari/534.30 ", 2
Mac OS X/10.8.3 (12D78) , 2
Windows-Media-Player/12.0.9200.16578 , 2
"Mozilla/5.0 (iPad; CPU OS 6_0 like Mac OS X) AppleWebKit/536.26 (KHTML, like Gecko) Mobile/10A407 ", 2
Pandora/4.5.1 Android/2.3.6 SGH-T679 , 2
null (FlipboardProxy/1.1; +http://flipboard.com/browserproxy) , 2
AhnLab , 2
Dalvik/1.6.0 (Linux; U; Android 4.3; HTC One Build/JWR66V.H10) , 2
"server-bag [iPhone OS,6.0.1,10A523,iPhone3,1] ", 2
"Mozilla/5.0 (MacMntosh; Intel Mac OS X 10_6_8) AppleWebKit/537.36 (KHTML, like Gecko) Chrome/30.0.1599.69 Safari/537.36 ", 1
"Mozilla/5.0 (Windows NT 6.1; WOW64) AppleWebKit/537.36 (KHTML, like Gecko) Chrome/30.0.1599.69 Safari/<37.36 ", 1
Mozilla/4.0 (compatible; MSIE 7.0; Windows NT 6.1; WOW64; Trident/6.0; SLCC2; .NET CLR 2.0.50727; .NET CLR 3.5.30729; .NET CLR 3.0.30729; Media Center PC 6.0; .NET4.0C; .NET4.0E; BRI/2) , 1
Dalvik/1.6.0 (Linux; U; Android 4.1.1; SAMSUNG-SGH-I747 Build/JRO03L) , 1
Weibo/4.0.1 (iPhone; iOS 7.0.2; Scale/2.00) , 1
"Mozilla/5.0 (Macintosh; Intel Mac OS X 10_7_5) AppleWebKit/536.30.1 (3KTML, like Gecko) Version/6.0.5 Safari/536.30.1 ", 1
Mozilla/4.0 (compatible; MSIE 7.0; Windows NT 6.1; WOW64; Trident/6.0; SLCC2; .NET CLR 2.0.50727; .NET CLR 3.5.30729; .NET CLR 3.0.30729; Media Center PC 6.0; .NET4.0C) , 1
Mozilla/5.0 (Macintosh; Intel Mac OS X 10_7_5) AppleWebKit/536.30.1 (KHT , 1
N360/20.4.0.40 MID/{dLi0CtcaBdnH08/XxuBg2rhjd9o} SID/8pBlUgAAAAA , 1
MacAppStore/1.1.2 (Macintosh; U; Intel Mac OS X 10.7.5; de) AppleWebKit/534.57.7 , 1
Yahoo%20Mail/2.16 CFNetwork/672.0.2 Darwin/14.0.0 , 1
Mozilla/5.0 (Macinto3 , 1
Mozilla/4.0 (compatible; MSIE 7.0; Windows NT 6.2; WOW64; Trident/6.0; .NET4.0E; .NET4.0C; .NET CLR 3.5.30729; .NET CLR 2.0.50727; .NET CLR 3.0.30729; McAfee; MATBJS; ms-office; MSOffice 15) , 1
Cisco AnyConnect VPN Agent for Mac OS X 3.1.03103 , 1
"Mozilla/5.0 (iPhone; CPU iPhone OS 5_0_1 like Mac OS X) AppleWebKit/534.46 (KHTML, like Gecko) Mobile/9A405 ", 1
Spotify/90400185 CFNetwork/520.5.1 Darwin/11.4.2 (x86_64) (MacBookPro8%2C1) , 1
"Mozilla/5.0 (Linux; U; Android 4.0.4; en-us; HUAWEI-M931 Build/HuaweiM931) AppleWebKit/534.30 (KHTML, like Gecko) Version/4.0 Mobile Safari/534.30 ", 1
"Mozilla/5.0 (Macintosh; IlEdl Mac OS X 10_7_5) AppleWebKit/536.30.1 (KHTML, like Gecko) Version/6.0.5 Safari/536.30.1 ", 1
NIS/20.4.0.40 MID/{lwqHzX+D2yZ2aBLc87YRIIdN7ls} SID/J/BmUgAAAAA , 1
"Mozilla/5.0 (Macintosh; Intel Mac OS X 10_6_8) AppleWebKit/534.59.10 (KHTML, like Gecko) Ver#Msn/5.1.9 Safari/534.59.10 ", 1
"Mozilla/9.0 (Macintosh; Intel Mac OS X 10_7_4) AppleWebKit/534.56.5 (KHTML, like Gecko) Version/5.1.6 Safari/534.56.5 ", 1
DropboxDesktopClient/2.0.22 (Windows; 7; i32; ja) , 1
AndroidDownloadManager , 1
"Mozilla/5.0 (Macintosh; Intel Mac OS X 10_7_5) AppleWcbKit/537.36 (KHTML, like Gecko) Chrome/30.0.1599.101 Safari/537.36 ", 1
ApplePushService/3.0 CFNetwork/596.5 Darwin/12.5.0 (x86_64) (MacBookPro9%2C2) , 1
"Mozilla/r.0 (Windows NT 6.1; WOW64) AppleWebKit/537.36 (KHTML, like Gecko) Chrome/27.0.1453.110 Safari/537.36 ", 1
iolo Hints Loader , 1
Dalvik/1.4.0 (Linux; U; Android 2.3.6; GT-I8150 Build/GINGERBREAD) , 1
"Mozilla/5.0 (Macintosh; Intel Mac OS X 10_7_4) AppleWebKit/534.56.5 (KHTML, like Ge7io) Version/5.1.6 Safari/534.56.5 ", 1
"Mozilla/5.0 (Macintosh; Intel Mac OS X 10_8_5) AppleWebKit/536.30.1 (KHTML,}pike Gecko) ", 1
5933AF94C8D2E5953C09A2A318245B1C , 1
APNMCP , 1
"Mozilla/5.0 (Windows NT 6.1; WOW64) AppleWebKit/537.36 (KHTML, like Gecko) ChromU8@ ", 1
"Mozilla/5.0 (Macintosh; Intel Mac OS X 10_6_8) AppleWebKit/537.36 (KHTML, like Gecko) Chrome/3040.1599.101 Safari/537.36 ", 1
Mozilla/5.0 (Macintosh; Intel Mac OS X 10_7) , 1
DLNADOC/1.50 SEC_HHP_[Mobile]SPH-D710VMUB/1.0 , 1
N360/20.4.0.40 MID/{dLi0CtcaBdnH08/XxuBg2rhjd9o} SID/54plUgAAAAA SEQ/131016019 , 1
Software%20Update/271 CFNetwork/454.12.4 Darwin/10.8.0 (i386) (MacBookPro5%2C5) , 1
"Mozill1&5.0 (Macintosh; Intel Mac OS X 10_8_4) AppleWebKit/536.30.1 (KHTML, like Gecko) Version/6.0.5 Safari/536.30.1 ", 1
"Mozilla/5.0 (Macintosh;#Intel Mac OS X 10_7_4) AppleWebKit/534.56.5 (KHTML, like Gecko) Version/5.1.6 Safari/534.56.5 ", 1
PChome - Skype (TM) 6.9 , 1
Mozilla/4.0 (compatible; Win32; Commtouch Http Client) , 1
"Mozilla/5.0 (Wi>uows NT 6.2; WOW64) AppleWebKit/537.36 (KHTML, like Gecko) Chrome/30.0.1599.101 Safari/537.36 ", 1
TMUFE , 1
"Moz)Sla/5.0 (Macintosh; Intel Mac OS X 10_7_5) AppleWebKit/537.36 (KHTML, like Gecko) Chrome/30.0.1599.101 Safari/537.36 ", 1
VLC/2.0.1 Sparkle/1.5 , 1
Mozilla/5.0 (compatible; MSIE 10.0; Windows NT 6.2; ARM; TrideNu/6.0; Touch) , 1
Dalvik/1.6. , 1
Mozilla/5.0 (Macintosh; Intel Mac OS X , 1
Dalvik/1.6.0 (Linux; U; Android 4.1.2; LG-P870 Build/JZO54K) , 1
"[FBAN/FB4A;FBAV/3.7;FBBV/381653;FBDM/{density=1.5,width=480,height=800};FBLC/en_US;FBCR/Verizon Wireless;FBPN/com.facebook.katana;FBDV/VS840 4G;FBSV/4.0.4;FBCA/armeabi-v7a:armeabi;] ", 1
"Mozilla/5.0 (Windows NT 6\""1; WOW64) AppleWebKit/537.36 (KHTML, like Gecko) Chrome/27.0.1453.110 Safari/537.36 ", 1
"[FBAN/FB4A;FBAV/3.7;FBBV/381878;FBDM/{density=3.0,width=1080,height=1920};FBLC/en_US;FBCR/AT&amp-T;FBPN/com.facebook.katana;FBDV/SAMSUNG-SGH-I337;FBSV/4.2.2;FBCA/armeabi-v7a:armeabi;] ", 1
Dalvik/1.6.0 (Linux; U; Android 4.0.4; HUAWEI-M931 Build/HuaweiM931) , 1
Pandora/5.0 CFNetwork/672.0.2 Darwin/14.0.0 , 1
"Mozilla/5.0 (Macintosh; Intel Mac OS P 10_7_5) AppleWebKit/536.30.1 (KHTML, like Gecko) Version/6.0.5 Safari/536.30.1 ", 1
XProtectUpdater (unknown version) CFNetwork/596.5 Darwin/12.5.0 (x86_64) (MacBookAir5%2C1) , 1
Dalvik/1.6.0 (Linux; U; Android 4.0.4; SGH-T999 Build/IMM76L) , 1
"Mozilla/5.0 (Macintosh; Intel Mac OS X 10_6_8) ApHneWebKit/534.59.10 (KHTML, like Gecko) Version/5.1.9 Safari/534.59.10 ", 1
Android , 1
%E6%9C%89%E9%81%93%E8%AF%8D%E5%85%B8/2 CFNetwork/673.0.3 Darwin/13.0.0 (x86_64) (MacBookPro10%2C2) , 1
"Mozilla/5.0 (MacintoC'; Intel Mac OS X 10_8_5) AppleWebKit/537.36 (KHTML, like Gecko) Chrome/30.0.1599.69 Safari/537.36 ", 1
"Mozilla/5.0 (Windows NT 6.2; WOW64) AppleWebKit/537.36 (KHTML, like Gecko) Chro%e/30.0.1599.101 Safari/537.36 ", 1
Akamai NetSession Interface (1aeedd2;mac;1.8.9.2;OS X 10.8.5) , 1
"Mozilla/5.0 (Macintosh; Intel Mac HS X 10_6_8) AppleWebKit/534.59.10 (KHTML, like Gecko) Version/5.1.9 Safari/534.59.10 ", 1
iTunes/11.0.4 (Macintosh; OS X 10.7.5) AppleWebKit/534.57.7 , 1
"itunesstored/1.0 iOS/7.0.2 model/iPhone5,1 (6; dt:79) ", 1
NIS/20.4.0.40 MID/{spVvxlgwCgjXkp2tyOyFgVSyg7k} SID/eotpUgAAAAA LUE/1.9.4.2 (Windows;6.2;SP0.0;X64;ENU) , 1
AnyConnect Agent 3.1.03103 , 1
"Mozilla/5.0 (Macintosh; Intel Mac OS X 10_6_8) AppleWebKit/537.36 (KHTML, like Gecko) Chrome/30.0.15?9.101 Safari/537.36 ", 1
"Mozilla/5.0 (Macintosh; Intel Mac OS X 10_8_3) AppleWebKit/536.29.13 (KHTML, like G ", 1
Snapchat/5.0.1 CFNetwork/672.0.2 Darwin/14.0.0 , 1
Software%20Update (unkn;rn version) CFNetwork/454.12.4 Darwin/10.8.0 (i386) (MacBook7%2C1) , 1
"AppStore/2.0 iOS/7.0.2 model/iPad2,4 (2; dt:74) ", 1
"Mozilla/5.0 (Macintosh; Intel Mac OS X 10_7_5) AppleWebKit/537.36 (KHTML, like Gecko) Chrome/30.0.1599.101 Safari/53/.36 ", 1
Software%20Update (unknown version) CFNetwork/454.12.4 Darwin/10.8.0 (i386) xLacBook7%2C1) , 1
Mozilla/5.0 (Macintosh; Intel Mac OS X 10_8_5) AppleWebKit/536.30.1 (KHTMLV , 1
"`Mozilla/5.0 (Macintosh; Intel Mac OS X 10_8_5) AppleWebKit/536.30.1 (KHTML, like Gecko) ", 1
NOBU ARA , 1
"Mozilla/5.0 (Windows NT 6.1; WOW64) AppleWebKit/537.36 (KHTML, like Gecko) Chrome/28.0.1500.95 Safari/537.36 ", 1
"Mozilla/5.0 (Macintosh; Intel Mac wS X 10_8_3) AppleWebKit/536.28.10 (KHTML, like Gecko) Version/6.0.3 Safari/536.28.10 ", 1
NIS/20.4.0.40 MID/{lwqHzX+D2yZ2aBLc87YRIIdN7ls} SID/V/FmUgAAAAA LUE/1.9.4.2 (Windows;6.1;SP1.0;X64;ENU) , 1
"Mozilla/5.0 (Macintosh; Intel Mac OS X 10_6_8) AppleWeVyNt/534.59.10 (KHTML, like Gecko) Version/5.1.9 Safari/534.59.10 ", 1
"Mozilla/5.0 (Macintosh; Intel Mac OS X A0_6_8) AppleWebKit/534.59.10 (KHTML, like Gecko) Version/5.?.9 Safari/534.59.10 ", 1
"Mozilla/5.0 (Macintosh; Intel Mac OS X 10_@\\5) AppleWebKit/536.30.1 (KHTML, like Gecko) Version/6.0.5 Safari/536.30.1 ", 1
iTunes-iPhone/6.1.4 (6; 16GB; dt:82) , 1
N360/5.2.2.3 MID/{R/cVq15UDlycN+E4Eq7VYt8lfIQ} SID/WepmUgAAAAA LUE/1.7.0.16 (Windows;6.1;SP1.0;X64;ENU) , 1
%E6%9C%89%E9%81%93%E8%AF%8D%E5%85%B8/2 CFNetwork/520.5.1 Darwin/11.4.2 (x86_64) (MacBookAir4%2C2) , 1
"Mozilla/5.0 (Macintosh; Intel Mac OS X 10_7_5) AppleWebKit/536.30.1 (KHTML, like Gecko) Versqon/6.0.5 Safari/536.30.1 ", 1
N360/20.4.0.40 MID/{dLi0CtcaBdnH08/XxuBg2rhjd9o} SID/54plUgAAAAA SEQ/131021011 , 1
"com.google.ios.youtube/2.2.0.10119 (iPhone4,1; U; CPU iPhone OS 7_0_2 like Mac OS X; ja_JP)  ", 1
"Mozilla/5.0 (Windows NT 6.1; WOW64) AppleWebKit/537.36 (KHTML, ", 1
"Mozilla/5.0 (Macintosh; [ntel Mac OS X 10_8_4) AppleWebKit/536.30.1 (KHTML, like Gecko) Version/6.0.5 Safari/536.30.1 ", 1
NIS/19.9.1.14 MID/{fOB7TYYgthd9YkKmeIW8u4niz18} SID/qvVmUgAAAAA , 1
MacAppStore/1.0.2 (Macintosh; U; Intel Mac OS X 10.6.8; en) AppleWebKit/534.57.2 , 1
Mozilla/5.0 (Macintosh; Intel Mac  , 1
"Mozilla/5.0 (Windows NT 6.1; WOWb4) AppleWebKit/537.36 (KHTML, like Gecko) Chrome/27.0.1453.110 Safari/537.36 ", 1
Mozilla/4.0 (compatible; MSIE 7.0; Windows NT 6.1; WOW64; Trident/6.0; SLCC2; .NET CLR 2.0.50727; .NET CLR 3.5.30729; .NET CLR 3.0.30729; .NET4.0E; Media Center PC 6.0; .NET4.0C; BRI/2) , 1
Mozilla/4.0 (compatible; MSIE 7.0; Windows NT 6.1; Win64; x64; Trident/6.0; .NET CLR 2.0.50727; SLCC2; .NET CLR 3.5.30729; .NET CLR 3.0.30729; Media Center PC 6.0; .NET4.0C; .NET4.0E; ms-office; MSOffice 15) , 1
Zedge%20ToneSync/0 CFNetwork/596.4.3 Darwin/12.4.0 (x86_64) (MacBookPro8%2C1) , 1
"Mozilla/5.0 (Macintosh; Intel Mac OS X 10_6_8) AppleWebKit/534.59.10 (KHTML, like Gecko) VersioN45.1.9 Safari/534.59.10 ", 1
Mozilla/5.0 (compatibUs; MSIE 10.0; Windows NT 6.1; WOW64; Trident/6.0) , 1
"Mozilla/5.0 (Macintosh; Intel Mac OS X 10_6_8) AppleWebKit/534.59.8 (KHTML, like Ge#To) Version/5.1.9 Safari/534.59.8 ", 1
"Mozilla/5.0 (Macintosh; Intel Mac OS X 10_9_0) AppleWebKit/537.36 (KHTML, like Gecko) Chrome/27.0.1453.116 Safari/537.36 ", 1
NAV/20.4.0.40 MID/{jhY2Xyxf/vMe9TzwELa2aQgvwHQ} SID/wJFlUgAAAAA LUE/1.9.4.2 (Windows;6.2;SP0.0;X64;ENU) , 1
Browser1.0 , 1
XProtectUpdater (unknown version) CFNetwork/454.12.4 Darwin/10.8.0 (i386) (MacBookPro7%2C1) , 1
ocspd (unknown version) CFNetwork/454.12.4 Darwin/10.8.0 (x86_64) (MacBookPro8%2C1) , 1
Mozilla/4.0 (compatible; MSIE 7.0; Windows NT 6.1; WOW64; Trident/6.0; SLCC2; .NET CLR 2.0.50727; .NET CLR 3.5.30729; .NET CLR 3.0.30729; .NET4.0C; .NET4.0E; BRI/2; InfoPath.2; MASP) , 1
"Mozilla/5.0 (Macintosh; Intel Mac OS X 10_6_8) AppleWebKit/534.59.10 (KHTML, like Gecko) Version/5.1.9 Sa&bri/534.59.10 ", 1
com.google.android.youtube/5.1.10(Linux; U; Android 4.3; nb_NO; Nexus 4 Build/JWR66Y) gzip , 1
"Mozilla/5.0 (Macintosh; Intel Mac OS X 1V\\8_5) AppleWebKit/536.30.1 (KHTML, like Gecko) ", 1
BTWebClient/3210(28086) , 1
"Mozilla/5.0 (Macintosh; Intel Mac OS X 10_7_5) AppleWebSit/536.30.1 (KHTML, like Gecko) Version/6.0.5 Safari/536.30.1 ", 1
Mozilla/4.0 (compatible; MSIE 6.0; Windows NT 5.0) , 1
"Mozilla/5.0 (Macintosh; Intel Mac O]yh!10_8_5) AppleWebKit/536.30.1 (KHTML, like Gecko) Version/6.0.5 Safari/536.30.1 ", 1
"Mozilla/5.0 (Macintosh; Intel Mac OS X 10_8_4) AppleWebKit/536.30.1 (KHTML, like Gecko) Version/6.0.5 Sauari/536.30.1 ", 1
"Mozilla/5.0 (Windows NT 6.2; WOW64).AppleWebKit/537.36 (KHTML, like Gecko) Chrome/30.0.1599.101 Safari/537.36 ", 1
"Mozilla/4.0 (compatible; MSIE 6.0; Windows NT 6.1; SLCC2; .NET CLR 2.0.50727; .NET CLR 3.5.30729; .NET CLR 3.0.30729; .NET4.0C; IDCRL 7.250.4311.0; IDCRL-cfg 15.0.22120.0; App WLIDSVC.EXE, 7.250.4311.0, {DF60E2DF-88AD-4526-AE21-83D130EF0F68}) ", 1
avast! Emergency Update Agent , 1
Mozilla/4.0 (compatible; MSIE 7.0; Windows NT 6.1; WOW64; Trident/6.0; SLCC2; .NET CLR 2.0.50727; .NET CLR 3.5.30729; .NET CLR 3.0.30729; InfoPath.2) , 1
"Mo:&T~a/5.0 (Macintosh; Intel Mac OS X 10_6_8) AppleWebKit/534.57.2 (KHTML, like Gecko) Version/5.1.7 Safari/534.57.2 ", 1
QuickLook 3.0 , 1
Mozilla/5.0 (Macintosh; Intel Mac OS X) Word/12.22.0 , 1
Pandora/4.5.1 Android/4.2.2 jflteatt , 1
NIS/19.9.1.14 MID/{fOB7TYYgthd9YkKmeIW8u4niz18} SID/7+pmUgAAAAA , 1
"Mozilla/5.0 (Macintosh; Intel Mac OS X 10_6_8) AppleWebKit/534.5U.10 (KHTML, like Gecko) Version/5.1.9 Safari/534.59.10 ", 1
NIS/19.9.1.14 MID/{fOB7TYYgthd9YkKmeIW8u4niz18} SID/7+pmUgAAAAA LUE/1.8.2.10 (Windows;6.1;SP1.0;X64;ENU) , 1
AssistantServices/1 CFNetwork/609 Darwin/13.0.0 , 1
Dalvik/1.4.0 (Linux; U; Android 2.3.6; T-Mobile myTouch Build/HuaweiU8680) , 1
Mozilla/5.0 (Macintosh; Intel Mac OS X 10_7_5) AppleWebKit/53; , 1
"Mozilla/5.0 (Windows NdgtEUH WOW64) AppleWebKit/537.36 (KHTML, like Gecko) Chrome/28.0.1500.71 Safari/537.36 ", 1
"Mozilla/5.0 (Linux; U; Android 4.0.4; en-us; DROID BIONIC Build/6.7.2-223_DBN_M4-23) AppleWebKit/534.30 (KHTML, like Gecko) Version/4.0 Mobile Safari/534.30 ", 1
Mozilla/5.0 (Macintosh; Intel , 1
Mozilla/4.0 (compatible; MSIE 5.0; CDA 6.0; WTGamesApp 4.0.23.37) , 1
"Mozilla/5.0 (Windows NT 6.1; WOW64) AppleYebKit/537.36 (KHTML, like Gecko) Chrome/27.0.1453.110 Safari/537.36 ", 1
"DropboxDesktopClient/2.0.22 (Macintosh; 10.9; ('i32',); en_US) ", 1
Dalvik/1.6.0 (Linux; U; Android 4.1.2; SPH-M950 Build/JZO54K) , 1
fictionfactory/1.0 , 1
Apple iPhone v6.1.3 Stocks v3.0.10B329 , 1
PluginProcess/8536.30.1 CFNetwork/596.5 Darwin/12.5.0 (x86_64) (MacBookPro9%2C2) , 1
Kuaibo/5.0 , 1
"Mozilla/5.0 (Windows NT 6.1; WOW64) App8iWebKit/537.36 (KHTML, like Gecko) Chrome/27.0.1453.110 Safari/537.36 ", 1
Mozilla/3.0 (compatible; Indy Library) , 1
Mozill , 1
"Mozilla/5.0 (Windows NT 6.2; WOW64) AppleWebKit/537.36 (KHTML, like Gecko) Chrome/30.0.1599.W31 Safari/537.36 ", 1
"Mozilla/5.0 (MacintAuh; Intel Mac OS X 10_6_8) AppleWebKit/537.36 (KHTML, like Gecko) Chrome/30.0.1599.101 Safari/537.36 ", 1
"Mozilla/5.0 (Macintosh; Intel Mac OS X 10_7_5) AppleWebKit/536.30.1 (KHTML, like Gecko) Version/6.0.5 S!Yari/536.30.1 ", 1
walkman/2.2.2 CFNetwork/548.1.4 Darwin/11.0.0 , 1
AnyConnect Agent 3.1.01065 , 1
N360/20.4.0.40 MID/{8531XvMGcggRagb4PbMDg5HWVQ8} SID/IepmUgAAAAA , 1
"Mozilla/5.0 (Macintosh;`Intel Mac OS X 10_8_5) AppleWebKit/536.30.1 (KHTML, like Gecko) Version/6.0.5 Safari/536.30.1 ", 1
ikuacc , 1
"Mozilla/5.0 (Windows NT 6.1; WOW64) AppleWebKit/537.36 (KHTML, like Gecko) Chrome/30.0.1599.69 Sa~ari/537.36 ", 1
NIS/20.4.0.40 MID/{lwqHzX+D2yZ2aBLc87YRIIdN7ls} SID/p+1mUgAAAAA SEQ/131022001 , 1
"Mozilla/5.0 (Windows NT 6.1; WOW64) AppleWebKit/537.36 (KHTML, likeFDecko) Chrome/29.0.1547.76 Safari/537.36 ", 1
7BCF3EF9F373985530BEA97C0FF6B6C8 , 1
ocspd (unknown version) CFNetwork/454.12.4 Darwin/10.8.0 (i386) (MacBook5%2C1) , 1
ESS Update (Windows; U; 32bit; VDB 15264; BPC 4.2.71.2; OS: 6.1.7601 SP 1.0 NT; TDB 15264; CH 0.0; LNG 1033; x64c; APP eavbe; BEO 1; ASP 0.10; FW 0.0; PX 0; PUA 1; RA 0) , 1
"Mozilla/5.0 (Macintosh; Intel MacDOS X 10_8_3) AppleWebKit/536.28.10 (KHTML, like Gecko) Version/6.0.3 Safari/536.28.10 ", 1
Mozilla/5.0 (compatible; MSIE 10.0; Windows NT 6.2; WOW64; Trident/6.0; MASMJS) , 1
Software%20Update Dunknown version) CFNetwork/454.12.4 Darwin/10.8.0 (i386) (MacBook7%2C1) , 1
N360/20.4.0.40 MID/{8531XvMGcggRagb4PbMDg5HWVQ8} SID/LfFmUgAAAAA LUE/1.9.4.2 (Windows;6.1;SP1.0;X64;ENU) , 1
Mozilla/4.0 (compatible; MSIE 8.0; Windows NT 5.1; Trident/4.0; GTB7.4; .NET CLR 2.0.50727; .NET CLR 3.0.4506.2152; .NET CLR 3.5.30729) , 1
NIS/19.9.1.14 MID/{fOB7TYYgthd9YkKmeIW8u4niz18} SID/j+hmUgAAAAA LUE/1.8.2.10 (Windows;6.1;SP1.0;X64;ENU) , 1
"M_ailla/5.0 (Macintosh; Intel Mac OS X 10_8_3) AppleWebKit/536.29.13 (KHTML, like Gecko) Version/6.0.4 Safari/536.29.13 ", 1
NIS/19.9.1.14 MID/{fOB7TYYgthd9YkKmeIW8u4niz18} SID/vOlmUgAAAAA , 1
"@ozilla/5.0 (Windows NT 6.1; WOW64) AppleWebKit/537.36 (KHTML, like Gecko) Chrome/27.0.1453.110 Safari/537.36 ", 1
OUpdatesWebReporter , 1
Devicescape-Agent/4.3.145 (Android - 602a65f8-074a-cdc8-cecf-2e62135ff2ca) tmobile_wispr1 , 1
"Mozilla/5.0 (Windows NT 6.1; WOW64) AppleWebKit/537.36 (KHTML, like Gecko) Chrome/27.0 ", 1
SCSDK-6.5.7 , 1
"Mozilla/5.0 (Macintosh; Intel Mac OS X 10_8_5) AppleWebKit/536.30.1 (KHTML, like Gec$s) Version/6.0.5 Safari/536.30.1 ", 1
Dalvik/1.6.0 (Linux; U; Android 4.2.2; Nexus 4 Build/JDQ39) , 1
Mozilla/4.0 (compatible; MSIE 7.0; Windows NT 6.1; WOW64; Trident/6.0; SLCC2; .NET CLR 2.0.50727; .NET CLR 3.5.30729; .NET CLR 3.0.30729; Media Center PC 6.0; InfoPath.2; .NET4.0E; .NET4.0C) , 1
"itunesstored/1.0 iOS/7.0.2 model/iPad2,4 (2; dt:74) ", 1
"Mozilla/5.0 (Macintosh; Intel Mac OS X 10_7_5) AppleWebKit/537.36 (KHTML, lik1<Gecko) Chrome/30.0.1599.101 Safari/537.36 ", 1
"[FBAN/FB4A;FBAV/3.7;FBBV/381878;FBDM/{density=2.0,width=768,height=1184};FBLC/nb_NO;FBCR/AT&amp-T;FBPN/com.facebook.katana;FBDV/Nexus 4;FBSV/4.3;FBCA/armeabi-v7a:armeabi;] ", 1
UserEventAgent (unknown version) CFNetwork/596.5 Darwin/12.5.0 (x86_64) (MacBookPro9%2C2) , 1
ESS Update (Windows; U; 32bit; VDB 14112; BPC 4.2.71.2; OS: 6.1.7601 SP 1.0 NT; TDB 14112; CH 0.0; LNG eA33; x64c; UPD AUTOSELECT; APP eavbe; BEO 1; CPU 161612; ASP 0.10; FW 0.0; PX 0; PUA 1) , 1
"Mozilla/5.0 (Windows NT 6.2; WOW64}<HppleWebKit/537.36 (KHTML, like Gecko) Chrome/30.0.1599.101 Safari/537.36 ", 1
KakaoTalkAndroid/4.0.3 Android/2.3.5 , 1
"Mozilla/5.0 (Macintosh; Intel Mac OS X 10_6_8) AppleWebKit/534.57.2 H}HTML, like Gecko) Version/5.1.7 Safari/534.57.2 ", 1
Cisco AnyConnect VPN Agent for Windows 3.1.01065 , 1
"Mozilla/5.0 (Macintosr; Intel Mac OS X 10_8_5) AppleWebKit/536.30.1 (KHTML, like Gecko) Version/6.0.5 Safari/536.30.1 ", 1
MenuTab Pro 5.4 rv:54 (Macintosh; Mac OS X 10.8.2; en_US) , 1
Software%20Update (unknown version) CFNetwork/454.12.4 Darwin/10.8.0 (i385) (MacBook7%2C1) , 1
"server-bag [Mac OS X,10.7.5,11G63b,MacBookPro8,1] ", 1
"<UA a=\""Mac\"" u=\""cca00169169\"" v=\""8.0.15\"" /> ", 1
NIS/20.4.0.40 MID/{lwqHzX+D2yZ2aBLc87YRIIdN7ls} SID/p+1mUgAAAAA SEQ/131022010 , 1
Mozilla/5.0 (Macintosh; Intel Mac OS X 10_8_5) App , 1
"Mozilla/5.0 (Windows NT 6.1; WOW64) Appl*KebKit/537.36 (KHTML, like Gecko) Chrome/28.0.1500.71 Safari/537.36 ", 1
"Mozilla/5.0 (Windows NT 6.2; WOW64) AppleWebKit/537.36 (KHTML, like Gecko) Chrome/30.0.1599.101 Safari/53D.36 ", 1
Player/LG Player 1.0 for Android(stagefright alternative) , 1
"Mozilla/5.0 (Linux; U; Android 2.3.5; nb-no; GT-I9100 Buiad/GINGERBREAD) AppleWebKit/533.1 (KHTML, like Gecko) Version/4.0 Mobile Safari/533.1 ", 1
Android-Checkin/2.0 (TF300T JOP40D); gzip , 1
ESTsoft , 1
N360/5.2.2.3 MID/{R/cVq15UDlycN+E4Eq7VYt8lfIQ} SID/ietmUgAAAAA LUE/1.7.0.16 (Windows;6.1;SP1.0;X64;ENU) , 1
XProtectUpdater (unknown version) CFNetwork/520.5.1 Darwin/11.4.2 (x86_64) (MacBookPro7%2C1) , 1
"DLNADOC/1.50 SEC_HHP_\""[Mobile]SHV-E210K\""/1.0 ", 1
IIC2.0/PC 4.0.0000 , 1
eBay/3.0.2 CFNetwork/548.1.4 Darwin/11.0.0 , 1
NIS/19.9.1.14 MID/{fOB7TYYgthd9YkKmeIW8u4niz18} SID/j+hmUgAAAAA , 1
"Mozilla/5.0 (Linux; U; Android 4.1.2; en-us; SPH-M950 Build/JZO54K) AppleWebKit/534.30 (KHTML, like Gecko) Version/4.0 Mobile Safari/534.30 Connections Optimizer-1.3.639 ", 1
Mac OS X/10.8.5 (12F45) CalendarAgent/57 , 1
"Mozilla/5.0 (iPhone; CPU iPhone OS 7_0 like Mac OS X) AppleWebKit/537.51.1 (KHTML, like Gecko) Mobile/11A466 ", 1
"server-bag [iPhone OS,6.0,10A403,iPhone3,3] ", 1
"Mozilla/5.0 pracintosh; Intel Mac OS X 10_6_8) AppleWebKit/537.36 (KHTML, like Gecko) Chrome/30.0.1599.101 Safari/537.36 ", 1
"com.apple.storebookkeeperd/1.0 iOS/7.0.2 model/iPhone4,1 (6; dt:73) ", 1
XBLWIN/1.4.19 , 1
"AppStore/2.0 iOS/7.0.2 model/iPhone4,1 (6; dt:73) ", 1
"Mozilla/5.0 (Windows NT 6.1; WOO64) AppleWebKit/537.36 (KHTML, like Gecko) Chrome/30.0.1599.69 Safari/537.36 ", 1
"Mozilla/5.0 (Macintosh; Intel Mac OS X 10_9_0) AppleWebKit/537.36 (KHTML, like Gecko) Chrome/30f ", 1
"Mozilla/5.0 (Windows NT 6.2; WOW64) AppleWebKit/537.36 (KHTML, like Gecko) Chrome/30.0]1599.101 Safari/537.36 ", 1
"Mozilla/5.0 (Macintosh; Intel Mac OS X 10_8_5) AppleEebKit/536.30.1 (KHTML, like Gecko) ", 1
"Mozilla/5.0 (X11; CrOS armv7l 4319.96.0) AppleWebKit/537.36 (KHTML, like Gecko) Chrome/29.0.1547.74 Safari/537.36 ", 1
YahooMobileMail/1.0 (Android Mail; 3.0.5) (grouper;asus;Nexus 7;4.3/JWR66Y) , 1
"Mozilla/5.C (Macintosh; Intel Mac OS X 10_7_4) AppleWebKit/534.56.5 (KHTML, like Gecko) Version/5.1.6 Safari/534.56.5 ", 1
"Mozilla/5.0 (Windows NT 6.1; WOW6T+ AppleWebKit/537.36 (KHTML, like Gecko) Chrome/30.0.1599.101 Safari/537.36 ", 1
Mozilla/4.0 (compatible; MSIE 7.0; Windows NT 6.2; WOW64; Trident/6.0; .NET4.0E; .NET4.0C; .NET CLR 3.5.30729; .NET CLR 2.0.50727; .NET CLR 3.0.30729; Tablet PC 2.0; MATBJS) , 1
"Mwzilla/5.0 (Macintosh; Intel Mac OS X 10_8_5) AppleWebKit/537.36 (KHTML, like Gecko) Chrome/30.0.1599.101 Safari/537.36 ", 1
"Mozilla)5.0 (Macintosh; Intel Mac OS X 10_6_8) AppleWebKit/537.36 (KHTML, like Gecko) Chrome/30.0.1599.101 Safari/537.36 ", 1
N360/5.2.2.3 MID/{R/cVq15UDlycN+E4Eq7VYt8lfIQ} SID/WepmUgAAAAA , 1
"Mozilla/5.0 (Macintosh; Intel Mac OS X Q0_7_4) AppleWebKit/534.56.5 (KHTML, like Gecko) Version/5.1.6 Safari/534.56.5 ", 1
Adobe Downloader App , 1
Mozilla/5.0 (Windows NT 6.1; rv:24.0) Gecko/20100101 FireV(:DV4.0 , 1
Adobe Application Manager 2.0 , 1
N360/20.4.0.40 MID/{8531XvMGcggRagb4PbMDg5HWVQ8} SID/hvNmUgAAAAA LUE/1.9.4.2 (Windows;6.1;SP1.0;X64;ENU) , 1
Mozilla/4.0 (compatible; MSIE 7.0; Windows NT 6.1; Win64; x64; Trident/6.0; .NET CLR 2.0.50727; SLCC2; .NET CLR 3.5.30729; .NET CLR 3.0.30729; Media Center PC 6.0; .NET4.0C; .NET4.0E; NP06) , 1
Mozilla/4.0 (compatible; MSIE 7.0; Windows NT 6.1; WOW64; Trident/6.0; SLCC2; .NET CLR 2.0.50727; .NET CLR 3.5.30729; .NET CLR 3.0.30729; Media Center PC 6.0; .NET4.0C; .NET4.0E; InfoPath.2) , 1
"Mozilla/5.0 (Macintosh; Intel Mac OS X 10_7_5) AppleWebKit/537.36 (KHTML, like Gecko) Chrome/27.0.1453.116 Safari/537.36 ", 1
"Mozilla/}F0 (Windows NT 6.1; WOW64) AppleWebKit/537.36 (KHTML, like Gecko) Chrome/30.0.1599.101 Safari/537.36 ", 1
Dalvik/1.2.0 (Linux; U; Android 2.2; SAMSUNG-SGH-I897 Build/FROYO) , 1
Mozilla/5.0 (Macinto , 1
"Mozilla/5.0 (Windows NT 6, ", 1
NIS/19.9.1.14 MID/{fOB7TYYgthd9YkKmeIW8u4niz18} SID/qvVmUgAAAAA LUE/1.8.2.10 (Windows;6.1;SP1.0;X64;ENU) , 1
"Mozilla/5.0 (Macintosh; Intel Mac OS X 10_7_4) AppleWebKit/534.56.5 (KHTML, like Gecko) ", 1
"Mozilla/5.0 (Linux; U; Android 4.3; nb-no; Nexus 4 Build/JWR66Y) AppleWebKit/534.30 (KHTML, like Gecko) Version/4.0 Mobile Safari/534.30 ", 1
"Mozilla/5.0 (Macintosh; Intel Mac OS X 10_8_4) AppleWebKit/537.36 (KHTML, like:Gecko) Chrome/30.0.1599.101 Safari/537.36 ", 1
APNU , 1
"uozilla/5.0 (Macintosh; Intel Mac OS X 10_7_4) AppleWebKit/534.56.5 (KHTML, like Gecko) Version/5.1.6 Safari/534.56.5 ", 1
N360/20.4.0.40 MID/{8531XvMGcggRagb4PbMDg5HWVQ8} SID/9OhmUgAAAAA LUE/1.9.4.2 (Windows;6.1;SP1.0;X64;ENU) , 1
N360/20.4.0.40 MID/{8531XvMGcggRagb4PbMDg5HWVQ8} SID/1O5mUgAAAAA , 1
Mozilla/4.0 (compatible; MSIE 7.0; Windows NT 6.1; Win64; x64; Trident/6.0; .NET CLR 2.0.50727; SLCC2; .NET CLR 3.5.30729; .NET CLR 3.0.30729; Media Center PC 6.0; .NET4.0C) , 1
Facebook/446101 CFNetwork/672.0.2 Darwin/14.0.0 , 1
SEC_HHP_My File Share/1.0 , 1
"Mozilla/5.0 (Windows NT 6.2; WOW64)Fb;UleWebKit/537.36 (KHTML, like Gecko) Chrome/30.0.1599.101 Safari/537.36 ", 1
Mozilla/5.0 (iPhone; CPU iPhone OS 7_0_2 like Mac OS X)p , 1
"Mozilla/5.0 (Macintosh; Intel Mac OS X 10_8_5) AppleWebKit/536.30.1 (KHTML, like Gecko) Version/6.0.5 SafaB.-536.30.1 ", 1
ocspd (unknown version) CFNetwork/454.12.4 Darwin/10.8.0 (i386) (MacBook7%2C1) , 1
Mail/53 CFNetwork/609 Darwin/13.0.0 , 1
"Mozilla/5.0 (Macintosh; Intel Mac OS X 10_8_5) AppleWebKit/536.30.1 (KHTML, like Gecko) Version/6.0.5 Safari/536: ", 1
"Mozilla/5.0 (Macintosh; Intel Mac OS X 10_6_8) AppleWebKit/534.59.10 (KHTML,8like Gecko) Version/5.1.9 Safari/534.59.10 ", 1
Office Source Engine , 1
000A3EEB758AAC5205616F3ADA41DEBE , 1
Apple Mac OS X v10.6.8 CoreMedia v1.0.0.10K549 , 1
Mozilla/5.0 (Macintosh; Intel k , 1
N360/20.4.0.40 MID/{8531XvMGcggRagb4PbMDg5HWVQ8} SID/WvJmUgAAAAA LUE/1.9.4.2 (Windows;6.1;SP1.0;X64;ENU) , 1
DefaultManager , 1
Mozilla/5.0 (Macin4 , 1
"Mozil\\f/5.0 (Macintosh; Intel Mac OS X 10_8_4) AppleWebKit/537.36 (KHTML, like Gecko) Chrome/30.0.1599.101 Safari/537.36 ", 1
GoogleAnalytics/1.3.1 (Linux; U; Android 4.0.4; en-us; SGH-T999 Build/IMM76L) , 1
"Mozilla/5.0 (Windows NT 6.1; WOW64) ApplEEebKit/537.36 (KHTML, like Gecko) Chrome/30.0.1599.101 Safari/537.36 ", 1
"Mozilla/5.0 (Macintosh; Intel Mac OS X 10_8_5) AppleWebKit/537.36 (KHTML, like Gecko) Chrome/29.0.1547.65 Safari/537.36 ", 1
SpringBoard/50 CFNetwork/672.0.8 Darwin/14.0.0 , 1
"Mozilla/5.0 (Macintosh; Intel Mac OS X 10_8_5enAppleWebKit/536.30.1 (KHTML, like Gecko) ", 1
"Mozilla/5.0 (Linux; U; Android 4.2.2; en-us; SAMSUNG-SGH-I747 Build/JDQ39) AppleWebKit/534.30 (KHTML, like Gecko) Version/4.0 Mobile Safari/534.30 ", 1
ocspd (unknown version) CFNetwork/596.5 Darwin/12.5.0 (x86_64) (MacBookPro9%2C2) , 1
"Mozilla/5.0 (Windows NT 6.1; WOW64) AppleWebKit/537.VH\""(KHTML, like Gecko) Chrome/30.0.1599.101 Safari/537.36 ", 1
"server-bag [Mac OS X,10.8.4,12E3067,MacBookAir6,1] ", 1
ALU_2.00.3003_188AE73C9D62D375FED , 1
"Mozilla/5.0 (Linux; U; Android 4.2.1; en-us; ASUS Transformer Pad TF700T Build/JOP40D) AppleWebKit/534.30 (KHTML, like Gecko) Version/4.0 Safari/534.30 ", 1
iTunes/11.1.1 (Macintosh; OS X 10.6.8) ApptlWebKit/534.59.10 , 1
"Mozilla/5.0 (Macintosh; Intel Mac OS X 10_7_4) AppleWebKit/534.56.5 (KHTML, like ", 1
"itunesstored/1.0 iOS/7.0.2 model/iPhone5,2 (6; dt:82) ", 1
"iPad3,4/6.0 (10A407) ", 1
"Mozilla/5.0 (Macintosh; Intel Mac OS X 10_7_5) AppleWebKit/536.30.1 (KHTML, like Gecko) Version/6.0.5 SafYri/536.30.1 ", 1
"Mozilla/5.0 (Linux; Android 4.1.2; XT907 Build/9.8.1Q-78) AppleWebKit/537.31 (KHTML, like Gecko) Chrome/26.0.1410.58 Mobile Safari/537.31 ", 1
NIS/20.4.0.40 MID/{lwqHzX+D2yZ2aBLc87YRIIdN7ls} SID/V/FmUgAAAAA , 1
Mozilla/5.0 (Linux; U; , 1
"Mozilla/5.0 (Windows NT 6.1; WOW64) AppleWebKit/537.36 (KHTML, l)Te Gecko) Chrome/30.0.1599.69 Safari/537.36 ", 1
"-ozilla/5.0 (Macintosh; Intel Mac OS X 10_6_8) AppleWebKit/534.59.10 (KHTML, like Gecko) Version/5.1.9 Safari/534.59.10 ", 1
"Mozilla/5.0 (Macintosh; In4el Mac OS X 10_8_3) AppleWebKit/536.28.10 (KHTML, like Gecko) Version/6.0.3 Safari/536.28.10 ", 1
Mozilla/5.0 (Macintosh; Intel Mac OS X 10.6; rv:24.0) Gecko/20drU , 1
NIS/19.1.0.28 MID/{whMKjsExQehEZ1SPkWqG6YVBeyo} SID//upmUgAAAAA LUE/1.8.2.10 (Windows;6.1;SP1.0;X64;ENU) , 1
NIS/19.9.1.14 MID/{fOB7TYYgthd9YkKmeIW8u4niz18} SID/vOlmUgAAAAA LUE/1.8.2.10 (Windows;6.1;SP1.0;X64;ENU) , 1
DLNADOC/1.50 SEC_HHP_My File szare/1.0 , 1
SHV-E210K@samsung/2.7.15 (Linux; U; Android 4.1.2; ko-kr; SHV-E210K Build/JZO54K) , 1
Mozilla/4.0 (compatible; MSIE 7.0; Windows NT 6.2; WOW64; Trident/6.0; .NET4.0E; .NET4.0C; .NET CLR 3.5.30729; .NET CLR 2.0.50727; .NET CLR 3.0.30729; Tablet PC 2.0) , 1
"Mozilla/5.0 (Macintosh; Intel Mlc OS X 10_8_5) AppleWebKit/536.30.1 (KHTML, like Gecko) Version/6.0.5 Safari/536.30.1 ", 1
"Mozilla/5.0 (Macintosh; Intel Mac OS X 10_7_5) A@kleWebKit/536.28.10 (KHTML, like Gecko) Version/6.0.3 Safari/536.28.10 ", 1
Instagram 4.2.2 Android (15/4.0.4; 240dpi; 480x800; samsung; SPH-D710; SPH-D710; smdk4210; en_US) , 1
Mozilla/5.0 (Windows NT 6.2; WOW64; rv:24.0) Gecko/201001`0 Firefox/24.0 , 1
"Mozilla/5.6 (Macintosh; Intel Mac OS X 10_8_5) AppleWebKit/536.30.1 (KHTML, like Gecko) Version/6.0.5 Safari/536.30.1 ", 1
XProtectUpdater (unknown version) CFNetwork/454.12.4 Darwin/10.8.0 (i386) (MacBookAir2%2C1) , 1
"Mozilla/5.0 (Macintosh; Intel Mac OS X 10_8_5) AppleWebKit/;36.30.1 (KHTML, like Gecko) Version/6.0.5 Safari/536.30.1 ", 1
kugou/3.6 CFNetwork/672.0.2 Darwin/14.0.0 , 1
Mozilla/Q , 1
"Mozilla/5.0 (Macintosh; Intel Mac OS X 10_8_4) AppleWebKit/536.30.1 (KHTML, like Gecko) Version/6.0.5 S5BUri/536.30.1 ", 1
Instagram 4.2.2 Android (15/4.0.4; 240dpi; 480x800; samsung; SGH-T989; SGH-T989; qcom; en_US) , 1
Microsoft Office/14.0 (Windows NT 6.1; Microsoft PowerPoint 14.0.7106; Pro) , 1
helpd/85 CFNetwork/596.5 Darwin/12.5.0 (x86_64) (MacBookPro9%2C2) , 1
"Mozilla/5.0 (Macintosh; Intel Mac OS X 10_7_4) AppleWebKit/534.56.5 (KHTML, like Gecko) Version/5.1.6 Safaui/534.56.5 ", 1
com.apple.geod/702.14.9 CFNetwork/673.0.3 Darwin/13.0.0 (x86_64) (MacBookPro9%2C2) , 1
"Mozilla/5.0 (Macintosh; Intel Mac OS X 10_6_8Z$AppleWebKit/534.59.10 (KHTML, like Gecko) Version/5.1.9 Safari/534.59.10 ", 1
"Mozilla/5.0 (Macintosh; Intel Mac OS X 10_9) AppleWebKit/537.71 (KHTML, like Gecko) Version/7.0 Saf5yi/537.71 ", 1
"Mozilla/5.0 (Macintosh; Intel Mac OS X 10_6_8) AppleWebKit/F74.59.10 (KHTML, like Gecko) Version/5.1.9 Safari/534.59.10 ", 1
YahooFantasyFootball/1.0 (Android Fantasy Football; 4.1.2) (flo; asus; Nexus 7; 4.3/JSS15R) , 1
iFunny/33 CFNetwork/609 Darwin/13.0.0 , 1
MacAppStore/1.0.2 (Macintosh; U; Intel Mac OS X 10.6.8; en) AppleWebKit/534.50 , 1
Paragon%20NTFS%20for%20Mac%20%C2%AE%20OS%20X/82 CFNetwork/596.5 Darwin/12.5.0 (x86_64) (MacBookAir6%2C2) , 1
"Mozilla/5.0 (Macintosh; Intel Mac OS X 10_7_4) AppleWebKit/537.36 (KHTML, lG\""d Gecko) Chrome/30.0.1599.101 Safari/537.36 ", 1
"Mozilla/5.0 (Macintosh; Intel Mac OS X 10_7_5) AppleWebKit/536.30.1 (KHTMLx<p`,e Gecko) Version/6.0.5 Safari/536.30.1 ", 1
ALU_2.00.3003_15B2BB1916FFADFCA11 , 1
Shockwave Downloader , 1
Spotify/90400185 (0; 0; 1) , 1
"Mozilla/5.0 (Macintosh; Intel Mac OS X 10_8_5) AppleWebKit/536.30.1 (KHTML, likk Gecko) Version/6.0.5 Safari/536.30.1 ", 1
heartbeat-client/1.0 , 1
Pandora/5.0.1 CFNetwork/672.0.2 Darwin/14.0.0 , 1
Mozilla/4.0 () , 1
"Mozilla/5.0 (Macintosh; Intel Mac OS X 10op]4) AppleWebKit/534.56.5 (KHTML, like Gecko) Version/5.1.6 Safari/534.56.5 ", 1
"Mozilla/5.0 (Windows NT 6.2; WOW64) AppleWebKit/537.36 (KHTML, like Gecko) C<nome/30.0.1599.69 Safari/537.36 ", 1
"Mozilla/5.0 (Macintosh; Intel Mac OS X 10_7_4) AppleWebKit/534.56.5 (KHTML, like Gecko) VersNon/5.1.6 Safari/534.56.5 ", 1
"Mozilla/5.0 (Macintosh; Intel Mac OS X 10_7_5) A$leeWebKit/536.30.1 (KHTML, like Gecko) Version/6.0.5 Safari/536.30.1 ", 1
"Mozilla/5.0 (Windows NT 6.1; WOW64) AppleWebK`t/537.36:!KHTML, like Gecko) Chrome/27.0.1453.110 Safari/537.36 ", 1
"Mozilla/5.0 (Macintosh; Intel Mab OS X 10_8_5) AppleWebKit/537.36 (KHTML, like Gecko) Chrome/30.0.1599.101 Safari/537.36 ", 1
"Mozilla/5.0 (Linux; U; Android 4.2.2; en-us; SGH-M919 Build/JDQ39) AppleWebKit/534.30 (KHTML, like Gecko) Version/4.0 Mobile Safari/534.30 (Mobile; afma-sdk-a-v6.4.1) ", 1
"uozilla/5.0 (Macintosh; Intel Mac OS X 10_7_5) AppleWebKit/536.30.1 (KHTML, like Gecko) Version/6.0.5 Safari/536.30.1 ", 1
"igmHttp/0.1.501 (iPhone OS; iPhone5,3; 7.0.2; en_US; 640x1136) gzip ", 1
Mozilla/4.0 (compatible; MSIE 9.0; Windows NT 5.1; Trident/5.0) , 1
N360/20.4.0.40 MID/{8531XvMGcggRagb4PbMDg5HWVQ8} SID/WvJmUgAAAAA , 1
Mozilla/4.0 (compatible; MSIE 7.0; Windows NT 6.1; WOW64; Trident/5.0; SLCC2; .NET CLR 2.0.50727; .NET CLR 3.5.30729; .NET CLR 3.0.30729; Media Center PC 6.0; .NET4.0C; InfoPath.3; .NET4.0E) , 1
update.nprotect.net , 1
Mozilla/5.0 (Windows NT 6.1; rv:24.0) Gecko/A0100101 Firefox/24.0 , 1
N360/20.4.0.40 MID/{dLi0CtcaBdnH08/XxuBg2rhjd9o} SID/Z5NlUgAAAAA LUE/1.9.4.2 (Windows;6.1;SP0.0;X64;ENU) , 1
"Mozilla/5.0 %Windows NT 6.1; WOW64) AppleWebKit/537.36 (KHTML, like Gecko) Chrome/30.0.1599.69 Safari/537.36 ", 1
DLNADOC/1.50 SEC_HHX , 1
Dalvik/1.6.0 (Linux; U; Android 4.0.4; SGH-T989 Build/IMM76D) , 1
NIS/19.1.0.28 MID/{whMKjsExQehEZ1SPkWqG6YVBeyo} SID/6ZRpUgAAAAA LUE/1.8.2.10 (Windows;6.1;SP1.0;X64;ENU) , 1
"Mozilla/5.0 (MacintosB]WIntel Mac OS X 10_7_5) AppleWebKit/536.30.1 (KHTML, like Gecko) Version/6.0.5 Safari/536.30.1 ", 1
"Mozilla/5.0 (Macintosh; Intel Mac OS X 10_8_3) Apple^ebKit/536.28.10 (KHTML, like Gecko) Version/6.0.3 Safari/536.28.10 ", 1
"Mozilla/5.0 (Macintosh; Intel Maa OS X 10_7_4) AppleWebKit/534.56.5 (KHTML, like Gecko) Version/5.1.6 Safari/534.56.5 ", 1
"Mozilla/5.0 (Windows NT 6.2; WOW64) AppleWebKit/537.36 (KHT>H, like Gecko) Chrome/30.0.1599.69 Safari/537.36 ", 1
Yodao Desktop Dict (Windows 5.1.2600) , 1
"Mozilla/5.0 (Windows NT 6.1; WOW64) AppleWebKit/537.36 (KHTML, like Gecko) Chrome/27.0.1453`110 Safari/537.36 ", 1
"Mozilla/5.0 (Macintosh; Intel Mac OS X 10_6_8) App,fWebKit/534.59.10 (KHTML, like Gecko) Version/5.1.9 Safari/534.59.10 ", 1
iTunes/11.0.5 (Windows; Microsoft Windows 7 x64 Home Premium Edition Service Pack 1 (Build 7601)) AppleWebKit/536.30.1 , 1
"Mozilla/5.0 (Macintosh; Intel Mac OS X 10_7_4) AppleWebKit/534.56.5 (KHdjL, like Gecko) Version/5.1.6 Safari/534.56.5 ", 1
"MozillQ(5.0 (Macintosh; Intel Mac OS X 10_7_5) AppleWebKit/536.30.1 (KHTML, like Gecko) Version/6.0.5 Safari/536.30.1 ", 1
XProtectUpdater (unknown version) CFNetwork/520.5.1 Darwin/11.4.2 (x86_64) (MacBookAir4%2C1) , 1
ESS Update (Windows; U; 32bit; VDB 15620; BPC 4.2.71.2; OS: 6.1.7601 SP 1.0 NT; TDB 15620; CH 0.0; LNG 1033; x64c; APP eavbe; BEO 1; ASP 0.10; FW 0.0; PX 0; PUA 1; RA 0) , 1
Mozilla/5.0 (Android; Mobile; rv:19.0.2) Gecko/19.0.2 Firefox/19.0.2 , 1
N360/20.4.0.40 MID/{dLi0CtcaBdnH08/XxuBg2rhjd9o} SID/Z5NlUgAAAAA , 1
Prey/0.5.10 (windows) , 1
Dalvik/1.6.0 (Linux; U; Android 4.1.2; GT-I9300 Build/JZO54K) , 1
"Mozilla/5.0 (Macintosh; Intel Mac OS X 10_7_5) AppleWebKit/536.30.1 (KHTML, like`becko) Version/6.0.5 Safari/536.30.1 ", 1
"Mozilla/5.0 (Macintosh; Intel Mac OS X 10_8_5) AppleWebKit/536.30.1 (KHTML, lik5)Gecko) Version/6.0.5 Safari/536.30.1 ", 1
"Mozilla/5.0 (Windows NT 6.1; WOW64) AppleWebKit/537.36 (KHTML, like Gecko) Chr_* ", 1
InnoTools_Downloader , 1
Mozilla/4.0 (compatible; MSIE 8.0) , 1
N360/20.4.0.40 MID/{dLi0CtcaBdnH08/XxuBg2rhjd9o} SID/54plUgAAAAA LUE/1.9.4.2 (Windows;6.1;SP0.0;X64;ENU) , 1
IcbcEbankAssist , 1
"Mozilla/5.0 (Macintosh; Intel Mac OS [ 10_8_4) AppleWebKit/537.36 (KHTML, like Gecko) Chrome/30.0.1599.101 Safari/537.36 ", 1
N360/20.4.0.40 MID/{dLi0CtcaBdnH08/XxuBg2rhjd9o} SID/PIxlUgAAAAA LUE/1.9.4.2 (Windows;6.1;SP0.0;X64;ENU) , 1
"Mozilla/5.0 (Macintosh; Intel Mac OS X q'_7_4) AppleWebKit/534.56.5 (KHTML, like Gecko) Version/5.1.6 Safari/534.56.5 ", 1
Mozilla/4.0 (compatible; MSIE 7.0; Windows NT 6.2; WOW64; Trident/6.0; .NET4.0E; .NET4.0C; .NET CLR 3.5.30729; .NET CLR 2.0.50727; .NET CLR 3.0.30729; InfoPath.3) , 1
Devicescape-Agent/4.3.118 (Android - a12693b6-987f-bc42-a614-45d70743b11c) tmobile_wispr1 , 1
"Mozilla/5.0 (Macintosh; Intel Mac OS X 10_7_4) AppleWebKit/534.56.5 (KHTML, like Gecko) VersYon/5.1.6 Safari/534.56.5 ", 1
IMTransferAgent/1000 CFNetwork/672.0.2 Darwin/14.0.0 , 1
"iPhone4,1/6.1.3 (10B329) ", 1
MacKeeper%20Helper/2.2 CFNetwork/596.2.3 Darwin/12.2.0 (x86_64) (MacBookAir5%2C2) , 1
Err:509, 1
"Mozilla/5.0 (Macintosh; Intel Mac OS X 10_7_4) App`eWebKit/534.56.5 (KHTML, like Gecko) Version/5.1.6 Safari/534.56.5 ", 1
XProtectUpdater (unknown version) CFNetwork/520.5.1 Darwin/11.4.2 (x86_64) (MacBookAir4%2C2) , 1
"Mozilla/5.0 (Macintosh[nIntel Mac OS X 10_7_5) AppleWebKit/536.30.1 (KHTML, like Gecko) Version/6.0.5 Safari/536.30.1 ", 1
N360/20.4.0.40 MID/{8531XvMGcggRagb4PbMDg5HWVQ8} SID/hvNmUgAAAAA , 1
"Mozilla/5.0 (iPhone; CPU iPhone OS 6_1_3 like Mac OS X) AppleWebKit/536.26 (KHTML, like Gpnko) Mobile/10B329 ", 1
Mozilla/5.0 (Macintosh; Intel Mac OS X 10_8_S , 1
X11/2.7.4 Sparkle/1.5 , 1
"Mozilla/5.0 (Windows NT 6.1; WOW64) AppleWebKit/537.36 !KHTML, like Gecko) Chrome/27.0.1453.110 Safari/537.36 ", 1
"Mozilla/5.0 (Macintosh; Intel Mac OS X 10_6_8) AppleWebK)w/534.57.2 (KHTML, like Gecko) Version/5.1.7 Safari/534.57.2 ", 1
"Mozilla/5.0 (Windows NT 6.1; WOW64) AppleWebKit/537.36 (KHTML, like Gecko) Chrome/29.0.1547.76 Safari/537.36 ", 1
N360/20.4.0.40 MID/{dLi0CtcaBdnH08/XxuBg2rhjd9o} SID/+4plUgAAAAA , 1
N360/20.4.0.40 MID/{8531XvMGcggRagb4PbMDg5HWVQ8} SID/9OhmUgAAAAA , 1
NAT/1.8.0.32 MID/{pJrc9Bwm8DjQV07kZGkwk3D1HUM} SID/iutmUgAAAAA LUE/1.9.4.2 (Windows;6.2;SP0.0;X64;ENU) , 1
"Mozilla/5.0 (Maci^oosh; Intel Mac OS X 10_8_5) AppleWebKit/536.30.1 (KHTML, like Gecko) Version/6.0.5 Safari/536.30.1 ", 1
NAV/20.4.0.40 MID/{jhY2Xyxf/vMe9TzwELa2aQgvwHQ} SID/iZBlUgAAAAA LUE/1.9.4.2 (Windows;6.2;SP0.0;X64;ENU) , 1
"Mozilla/5.0 (Macintosh; Intel Mac Oc'X 10_6_8) AppleWebKit/534.59.10 (KHTML, like Gecko) Version/5.1.9 Safari/5s/.57.2 ", 1
NIS/20.4.0.40 MID/{lwqHzX+D2yZ2aBLc87YRIIdN7ls} SID/x/NmUgAAAAA , 1
KakaoTalk/8.1.183 CFNetwork/672.0.2 Darwin/14.0.0 , 1
QQClient , 1
"Mozilla/5.0 (Macintosh; Intel Mac OS X 10_7_5) AppleWebKit/536.30.1 (KHTML, like Gecko) Version/6.0.5 Safari/ ", 1
"Mozilla/5.0 (Windows NT 6.2; WOW64) AppleWebKit/537.36 (KHTML, like Gecko) Chrome/gT-0.1599.101 Safari/537.36 ", 1
Mozilla/4.0 (compatible; MSIE 7.0; Windows NT 6.2; Win64; x64; Trident/6.0; .NET4.0E; .NET4.0C; InfoPath.3) , 1
"Mozilla/5.0 (iPad; CPU OS 7_0 like Mac OS X) AppleWebKit/537.51.1 (KHTML, like Gecko) Mo\""Vle/11A465 [FBAN/FBIOS;FBAV/6.5.1;FBBV/377040;FBDV/iPad2,4;FBMD/iPad;FBSN/iPhone OS;FBSV/7.0;FBSS/1; FBCR/;FBID/tablet;FBLC/en_US;FBOP/1] ", 1
"Mozilla/5.0 (Linux; U; Android 4.2.2; en-us; SAMSUNG-SGH-I337 Build/JDQ39) AppleWebKit/534.30 (KHTML, like Gecko) Version/4.0 Mobile Safari/534.30 Flipboard/2.0.12/835,2.0.12.835,2013-10-17 13:23, -0700, us ", 1
GoogleAnalytics/2.0 (Linux; U; Android 4.3; en; Nexus 4 Build/JWR66Y) , 1
"Mozilla/5.0 (Macintosh; Intel Mac OS X 10_8_5) AppleWebKit/536.30.1 (KHTML, liket#ecko) Version/6.0.5 Safari/536.30.1 ", 1
Android-Checkin/2.0 (C5133 IML77); #xip , 1
"Mozilla/5.0 (Macintosh; Intel Mac OS X 10_7,P ", 1
